constant,rand,randn_1,randn_2,randn_3,other_rand
0.5,-0.96411,0.020555,0.23491,0.16504,0.27307
0.5,-0.77591,0.24942,0.19706,0.17556,0.21477
0.5,-0.61746,-0.13068,-0.31915,-0.89903,0.44222
0.5,0.28253,-0.21209,-0.076104,-0.093497,0.29464
0.5,-0.044971,-0.058084,-0.19221,0.57793,0.38353
0.5,-0.55034,-0.1839,-0.045902,-0.064988,0.0053459
0.5,0.053418,-0.016572,-0.63609,-0.037716,0.42601
0.5,0.36287,0.022888,0.46918,-0.25368,0.20794
0.5,0.48842,0.067699,-0.26592,-0.078961,-0.089261
0.5,0.63654,0.14568,-0.33809,0.78977,0.047691
0.5,0.8408,-0.093784,-0.45183,-0.61027,0.45837
0.5,0.71585,-0.15741,-0.065909,0.14464,-0.058197
0.5,0.050337,0.04603,-0.074203,-1.3474,0.066156
0.5,-0.64844,0.14655,0.28494,1.1569,0.52436
0.5,0.091128,-0.089129,-0.56543,-0.66209,0.076969
0.5,0.78863,-0.04429,0.40986,-0.2498,-0.096557
0.5,0.099403,0.31755,-0.34426,0.79767,0.082052
0.5,-0.36834,-0.23101,0.012111,0.49982,0.40149
0.5,0.13366,0.078888,-0.34857,0.081355,0.22957
0.5,-0.01389,-0.12254,-0.30721,-0.02496,0.27914
0.5,-0.54828,-0.10088,0.32619,-0.11933,-0.096099
0.5,0.99447,0.084581,-0.55089,0.86722,-0.040403
0.5,0.98336,0.018266,-0.39217,0.19733,0.36365
0.5,0.66166,0.12331,0.77781,-0.75015,0.33267
0.5,0.54302,-0.029298,0.018364,0.137,0.20992
0.5,0.61463,-0.15979,-0.69016,0.10779,0.47824
0.5,0.27466,-0.096305,0.39248,0.0004083,-0.021847
0.5,-0.71703,-0.064008,-0.13081,-0.11976,0.53321
0.5,0.82287,0.06831,-0.22001,0.018156,0.0011013
0.5,-0.46064,-0.13772,-0.18763,-0.045311,0.13089
0.5,0.9843,0.029109,-0.23413,0.25081,0.034267
0.5,-0.082494,0.22737,0.41979,0.23004,0.11828
0.5,0.2712,-0.22738,0.29485,-0.043739,0.30017
0.5,0.32097,-0.081723,-0.051587,-0.13224,0.51058
0.5,-0.89182,-0.10581,0.34855,-0.49887,0.45262
0.5,-0.91417,-0.20883,0.018162,0.24592,0.10676
0.5,-0.44515,-0.1061,-0.32011,-0.31026,0.52056
0.5,-0.85151,-0.10816,0.36214,-0.96772,-0.1189
0.5,0.26439,0.29552,-0.27893,-0.59669,0.4685
0.5,-0.30522,-0.052345,-0.16404,0.45455,-0.13029
0.5,0.1281,0.032467,-0.073279,0.040823,0.42788
0.5,-0.99339,-0.005167,0.29128,2.0106,0.42379
0.5,-0.85016,0.07702,-0.39327,-0.14453,-0.022919
0.5,0.50163,0.23567,-0.7058,-0.5016,-0.14327
0.5,-0.89917,-0.19854,0.093747,0.27746,0.28615
0.5,0.030352,0.062194,-0.12147,-0.028278,-0.10396
0.5,-0.64967,0.087149,0.25938,0.39915,-0.10879
0.5,0.52585,-0.10017,0.37324,0.88786,0.41206
0.5,0.19142,0.080686,-0.37268,0.52311,0.041811
0.5,0.79159,0.054624,-0.059084,-0.36948,0.12985
0.5,0.64258,0.25631,0.32899,-0.6621,0.48396
0.5,0.33704,-0.068058,-0.42629,-0.27709,0.11788
0.5,0.24295,-0.07749,-0.39109,-0.84011,0.11745
0.5,0.97735,0.36822,0.25282,0.49578,0.077495
0.5,0.15708,-0.078003,0.44539,0.62965,0.32069
0.5,-0.020261,0.34205,0.083243,-0.42047,0.50298
0.5,0.32408,0.17607,0.23947,0.34705,0.13174
0.5,0.61889,0.092012,0.059226,-0.245,-0.14846
0.5,-0.70539,-0.17055,0.14592,0.49337,0.23987
0.5,-0.78712,0.15285,0.043893,-0.30243,0.42667
0.5,0.96269,0.23829,-0.78202,-0.63849,0.25792
0.5,0.65198,-0.016118,0.30083,0.003168,-0.033575
0.5,0.4454,-0.1394,0.25749,0.46246,0.49976
0.5,-0.63835,0.046655,0.36606,0.54322,0.51381
0.5,-0.85708,0.048519,0.29101,-0.35585,0.25285
0.5,-0.82984,0.35452,0.13276,0.89683,0.12675
0.5,0.58166,-0.26599,-0.43114,0.1918,0.28198
0.5,-0.38309,-0.068605,-0.68825,-0.2273,0.092769
0.5,0.32629,0.16055,-0.38003,0.60247,0.25694
0.5,0.59042,0.093058,0.34986,-0.31905,0.21428
0.5,0.23451,0.031172,0.13214,-1.2307,0.45083
0.5,0.12478,0.26582,-0.17098,-0.88427,0.13219
0.5,0.67061,-0.10587,0.24338,0.061345,-0.14074
0.5,-0.089359,0.078044,-0.58844,0.12326,0.35826
0.5,-0.64075,-0.023259,-0.066339,1.3988,-0.12468
0.5,-0.97947,0.11611,-0.093553,-0.25468,-0.14473
0.5,0.8178,-0.17756,-0.095581,-0.40647,0.075364
0.5,0.31936,0.083578,-0.63223,-0.51664,0.52096
0.5,-0.25377,0.11989,-0.004242,-0.58919,0.50113
0.5,0.23781,0.012997,-0.035086,-0.373,0.45766
0.5,-0.67435,0.053631,0.07683,0.40771,0.48738
0.5,-0.71895,-0.074508,-0.091726,-0.16096,0.30526
0.5,-0.73596,0.12456,0.24902,-0.76252,0.052414
0.5,0.91859,0.11228,0.024786,0.64137,-0.14099
0.5,0.2217,-0.5377,-0.24062,1.5072,0.36214
0.5,-0.35964,-0.028421,-0.020817,0.26473,0.4516
0.5,-0.42701,0.05935,0.56629,0.13834,-0.10912
0.5,-0.79776,-0.089083,0.25499,0.76756,-0.18705
0.5,0.40899,-0.17863,0.42013,-1.1072,-0.01782
0.5,0.73035,-0.033482,0.5236,-0.19408,0.092784
0.5,-0.97922,0.3105,0.23415,-0.70372,-0.0047434
0.5,0.35177,0.15263,0.45277,-0.15872,-0.19023
0.5,-0.65806,0.073273,0.19945,0.30448,0.46654
0.5,0.1388,0.21504,-0.73488,-0.80458,0.43657
0.5,0.51503,0.062964,-0.35403,-0.14229,0.092829
0.5,-0.68092,-0.081231,0.16845,-0.088431,0.38808
0.5,-0.0015105,-0.2153,-0.14874,-0.65549,0.34666
0.5,-0.86134,0.16992,0.24711,-0.76054,0.061214
0.5,-0.75248,-0.095553,0.27914,-0.0018057,0.41628
0.5,0.3186,-0.075337,-0.027371,-0.26014,0.4446
0.5,-0.030008,0.098414,-0.46766,-0.057436,0.53151
0.5,-0.0057006,-0.084428,0.63924,-0.82081,0.1098
0.5,-0.28164,0.1969,0.37591,0.051654,0.20649
0.5,-0.70196,0.2528,-0.052626,0.13689,-0.087557
0.5,0.40113,-0.018224,0.49621,0.9161,0.30813
0.5,-0.974,-0.29421,-0.11407,-0.507,0.21078
0.5,-0.66042,0.19526,-0.039879,-1.3871,-0.023492
0.5,-0.66774,0.0084458,-0.60335,-1.1758,0.26028
0.5,0.85189,0.093071,-0.29349,0.43087,0.32512
0.5,0.41664,-0.25333,-0.30488,0.087041,0.25504
0.5,-0.67956,0.057911,-0.17327,0.085566,-0.02652
0.5,-0.35765,-0.12017,-0.32155,0.22512,0.026506
0.5,0.38152,0.31291,-0.23768,0.19796,0.38514
0.5,-0.096045,0.15226,-0.53439,0.54083,-0.10854
0.5,-0.95034,-0.18656,-0.28105,-0.41782,0.090385
0.5,-0.32114,-0.21093,-0.26011,-0.31295,0.48602
0.5,0.56682,0.14812,-0.7268,-0.83238,-0.10821
0.5,-0.1722,-0.010302,0.25139,0.49785,-0.14418
0.5,0.487,0.06057,-0.23509,0.39733,0.25768
0.5,-0.14526,0.1292,0.04148,1.2419,-0.03971
0.5,0.36922,-0.12066,0.11249,-0.57917,-0.13978
0.5,0.8108,0.14606,-0.46363,0.24453,0.20218
0.5,0.55413,-0.17102,-0.10835,0.36726,-0.072931
0.5,-0.076679,0.033057,0.076346,0.19051,0.084158
0.5,-0.12189,-0.19395,0.42244,-0.9147,0.43351
0.5,-0.99075,0.18569,-0.44366,0.0068329,0.311
0.5,0.7151,0.16028,0.074323,0.90321,-0.12324
0.5,-0.13857,0.19518,0.088777,-0.42631,0.07415
0.5,0.4238,0.28748,0.39861,0.1854,0.41121
0.5,-0.27991,0.043047,0.1513,-0.039015,0.021861
0.5,0.56288,-0.23721,-0.048467,0.77438,-0.043077
0.5,0.2101,0.052912,0.23955,-0.64146,0.40081
0.5,0.083922,0.33328,-0.09104,-0.43668,0.43513
0.5,0.23414,0.36787,0.14233,-1.5865,0.40296
0.5,-0.72491,0.074632,-0.46935,0.10111,0.26095
0.5,0.3636,0.18214,-0.14758,1.0603,-0.059248
0.5,-0.0334,0.01605,0.21878,0.64556,0.059325
0.5,0.46892,-0.173,0.42842,-0.026057,0.33584
0.5,-0.24877,0.12553,0.090561,-0.090902,0.33331
0.5,-0.0085705,0.025023,-0.11144,-0.41534,0.20639
0.5,0.44865,-0.13136,-0.0038902,0.29986,-0.18997
0.5,0.97526,-0.029303,0.14903,0.90055,0.029308
0.5,0.66415,0.091135,-0.050215,0.027773,0.035318
0.5,0.99274,-0.10257,0.12035,-0.11217,0.034702
0.5,0.94454,0.4297,-0.23058,0.17475,0.24798
0.5,0.21914,-0.11298,-0.065393,-0.43235,0.49047
0.5,-0.50039,-0.07343,-0.14314,-0.60415,0.37944
0.5,0.91763,0.27764,0.41039,1.0985,-0.17362
0.5,0.90953,-0.093599,0.31728,0.82045,0.060403
0.5,0.32357,-0.31358,-0.12008,1.215,0.21795
0.5,-0.18221,0.22078,-0.44072,0.34888,0.031455
0.5,-0.8119,0.1094,0.18317,0.53369,0.30602
0.5,-0.79089,0.24189,-0.17642,0.79373,0.4401
0.5,0.92245,-0.087523,-0.091431,0.94539,0.0046344
0.5,0.85377,0.033631,0.26033,-0.065575,-0.010264
0.5,0.69993,-0.19659,0.016596,1.1132,0.32595
0.5,-0.97063,0.1599,0.023535,0.88934,-0.054017
0.5,-0.029968,0.096198,0.15798,-0.37009,-0.13001
0.5,0.12657,-0.11403,0.35951,0.51167,0.21961
0.5,0.42248,-0.20485,0.29726,-0.18083,0.32882
0.5,-0.37669,0.1644,-0.009201,0.50384,-0.19135
0.5,0.28575,-0.17123,0.5867,-1.3509,0.3537
0.5,-0.156,-0.0091602,-0.33436,0.80968,-0.0767
0.5,0.26434,-0.074852,-0.15137,-0.41685,0.24272
0.5,-0.5165,-0.060054,0.16931,-0.18214,0.30044
0.5,0.52683,-0.35186,0.10991,-1.2675,0.35209
0.5,-0.039848,-0.11906,-0.25603,1.1118,-0.013071
0.5,-0.31503,0.1133,-0.2174,-0.9974,0.40886
0.5,-0.73502,0.14991,0.058206,0.57695,-0.1371
0.5,0.26455,0.031761,0.084203,-0.90533,-0.04654
0.5,-0.084244,0.24399,-0.52465,-0.24883,0.43674
0.5,-0.93154,-0.1235,-0.32388,-0.40574,0.092279
0.5,0.024154,0.073161,0.32796,-0.19983,0.11898
0.5,-0.99475,0.060079,-0.29412,-0.60036,0.44493
0.5,-0.96677,-0.067237,0.28945,-0.043821,0.33709
0.5,0.18713,-0.32901,0.20102,-0.41939,-0.19826
0.5,0.42204,-0.07037,0.24593,-0.361,0.30711
0.5,-0.53381,-0.051508,-0.010494,-0.64916,-0.059976
0.5,0.5386,0.053512,0.45013,-0.018801,-0.060595
0.5,-0.51502,0.026971,-0.41393,-0.0043809,-0.11143
0.5,0.33606,0.23067,-0.015521,-0.33695,0.44994
0.5,-0.71102,0.31564,0.13411,1.228,0.37898
0.5,0.054629,-0.41345,0.2929,0.76962,0.45807
0.5,-0.57986,-0.16696,0.17957,-0.54082,-0.042835
0.5,0.014886,-0.089261,-0.4748,-0.31376,0.45014
0.5,0.0069552,-0.084888,-0.029355,0.41106,0.51872
0.5,0.057165,-0.090618,-0.14615,-0.30572,0.23998
0.5,0.62899,0.11926,-0.56901,-1.2183,0.38245
0.5,0.55647,0.39178,-0.30161,-0.64198,0.46369
0.5,0.20798,0.070457,0.27668,0.63996,-0.1063
0.5,0.86328,-0.020805,-0.31813,0.25217,0.20508
0.5,0.30943,-0.13316,0.046555,-0.39896,-0.1358
0.5,-0.82111,0.20706,0.8894,0.12497,0.034032
0.5,-0.85375,-0.10728,-0.21988,1.2345,0.30954
0.5,0.5868,-0.099212,-0.55789,0.35236,0.27579
0.5,-0.15177,-0.068554,0.19352,0.40165,-0.11973
0.5,-0.52833,0.036911,-0.70119,-0.056641,0.22208
0.5,0.50681,-0.15009,0.19942,0.68444,0.50294
0.5,0.12823,-0.36278,0.33955,-0.97305,0.51364
0.5,0.32208,0.14482,-0.38657,-0.46202,0.066865
0.5,-0.71286,-0.38846,-0.39486,1.8628,0.23128
0.5,0.24289,-0.067287,0.19327,1.1668,0.48543
0.5,0.087358,0.017251,-0.039312,-0.61684,0.015651
0.5,0.86746,-0.30133,0.29503,0.89029,0.11815
0.5,-0.99958,0.15106,-0.027489,-0.36024,-0.16804
0.5,-0.83289,0.0027714,-0.57828,-0.24944,-0.12868
0.5,0.3003,-0.26244,-0.46444,-0.13878,0.37337
0.5,-0.08311,0.25578,-0.054633,0.52682,0.33975
0.5,-0.29867,-0.084801,-0.046327,0.33952,0.039878
0.5,-0.0097863,-0.0039439,-0.23645,0.5076,-0.054405
0.5,-0.51499,0.032735,0.3884,-0.54148,-0.047543
0.5,-0.39017,0.34122,0.53201,0.50423,0.24171
0.5,-0.8377,0.058265,-0.095218,-0.87381,-0.10514
0.5,0.80335,0.057952,-0.38121,0.63899,0.38741
0.5,0.13527,-0.31297,-0.33573,0.56878,-0.16099
0.5,-0.73896,0.0089963,-0.020645,-0.10376,0.50002
0.5,-0.0032334,0.02005,0.50616,0.10203,0.22346
0.5,-0.028616,0.16304,0.17842,1.1778,0.52908
0.5,-0.14469,-0.27661,0.39333,0.86044,-0.18469
0.5,-0.20524,0.00099513,-0.44306,1.0752,0.506
0.5,-0.1042,0.059258,0.044656,-0.42412,0.07022
0.5,0.50724,-0.19634,-0.021741,-0.56135,0.49571
0.5,-0.10524,-0.11405,0.28871,0.019941,0.37238
0.5,-0.99661,-0.0426,0.25474,0.0216,0.2735
0.5,-0.49933,0.12964,0.39654,0.20408,-0.046367
0.5,-0.023873,-0.36262,-0.1715,-0.51375,-0.098227
0.5,0.24817,0.30296,0.62626,-0.60894,0.41052
0.5,-0.44283,-0.34097,0.10275,0.69577,-0.085146
0.5,-0.34179,-0.027463,-0.04793,0.729,-0.067516
0.5,-0.77395,-0.12029,0.51951,0.28171,0.45254
0.5,0.53808,-0.091158,-0.22847,0.39672,0.42868
0.5,-0.058666,0.083703,0.43136,-1.1976,0.10676
0.5,0.20874,0.13779,-0.30873,-0.21009,-0.022772
0.5,0.10329,-0.13848,0.24434,0.23419,-0.055386
0.5,0.37967,-0.049474,0.10347,0.14369,-0.11169
0.5,0.038674,0.28934,-0.27806,0.50838,-0.02179
0.5,-0.71055,-0.38984,-0.56819,0.55039,0.44658
0.5,-0.24763,0.23315,0.12591,-0.16961,0.249
0.5,-0.59101,-0.33372,0.54493,0.49725,0.24937
0.5,-0.9378,0.14926,0.26123,-0.54519,0.26772
0.5,-0.54903,0.025754,0.34276,1.0668,0.032632
0.5,-0.50907,-0.26508,0.2361,-0.22943,0.52624
0.5,-0.64166,0.098681,0.19556,0.92915,0.077777
0.5,0.65286,-0.37521,0.078176,-1.141,0.42794
0.5,0.20403,-0.18918,-0.40659,0.21773,-0.10733
0.5,0.41471,0.2406,0.026553,0.092573,-0.12408
0.5,0.061255,-0.32106,-0.8091,0.64032,0.52296
0.5,-0.24413,0.13649,0.01056,-0.51023,0.52305
0.5,-0.015464,-0.13471,0.13093,0.093369,0.40418
0.5,-0.3369,-0.1367,0.69505,1.5802,0.31112
0.5,0.28184,0.1587,-0.51703,-0.20632,-0.043116
0.5,0.85307,-0.13388,0.12385,-0.36303,0.01838
0.5,0.28088,-0.030543,-0.40634,-0.67428,0.28678
0.5,0.24585,0.015421,-0.42183,0.18728,0.49137
0.5,0.46412,-0.004295,0.44583,0.040452,0.20875
0.5,0.16772,0.077099,0.22115,-0.32539,-0.16073
0.5,0.77458,-0.0095663,0.1551,-0.21437,0.46829
0.5,0.29302,-0.13701,-0.24841,0.27077,-0.070965
0.5,-0.47542,0.22022,0.0006541,0.63276,-0.081036
0.5,-0.77131,-0.17597,-0.078777,-0.23007,0.083384
0.5,0.84276,-0.10903,0.37065,0.07199,0.27561
0.5,-0.93737,-0.14912,0.19802,1.2247,0.095767
0.5,-0.28944,0.36945,-0.12672,-0.75255,0.50593
0.5,0.12655,-0.00044032,0.098502,-1.1882,0.01424
0.5,-0.060248,-0.15822,-0.14918,0.45431,-0.10818
0.5,0.045517,0.10293,0.094962,-0.9619,0.48246
0.5,-0.084442,-0.0021441,-0.26811,0.40346,0.018029
0.5,0.4549,0.0006528,0.20141,-0.48303,0.10665
0.5,0.34197,-0.010902,-0.18089,-0.026582,0.11038
0.5,0.98741,0.066726,0.13104,-0.07189,0.34785
0.5,0.94034,-0.057089,-0.072427,0.32124,0.23433
0.5,-0.085371,0.028168,-0.48781,0.039005,0.38363
0.5,-0.84741,0.024323,-0.16697,0.83817,0.42534
0.5,0.7644,0.021621,0.85963,-0.81693,0.42759
0.5,-0.58552,0.0079701,-0.2194,0.055895,-0.11606
0.5,0.92668,0.11646,0.26948,0.072688,0.097107
0.5,0.84968,0.17404,-0.46797,0.099811,0.059633
0.5,-0.21767,0.15405,-0.20027,-0.77762,0.23358
0.5,-0.93899,-0.053655,-0.13979,0.50364,0.43478
0.5,0.30796,0.078395,-0.58886,-0.6222,0.42058
0.5,0.58461,-0.1446,-0.26699,-0.45411,0.44026
0.5,0.91269,0.0044407,0.0035478,-0.10986,-0.12585
0.5,0.11104,0.060528,-0.39975,-0.0028261,-0.015574
0.5,0.30929,-0.2577,0.26823,0.5161,-0.18972
0.5,-0.55371,0.093074,-0.044034,0.40939,0.11353
0.5,0.0019402,-0.27105,0.10364,0.91458,-0.14463
0.5,0.25373,-0.24071,-0.17692,0.087825,0.20414
0.5,-0.30512,-0.22951,0.5757,0.21992,0.098684
0.5,0.16657,0.057893,0.41655,-0.025365,0.30509
0.5,-0.69147,0.090932,-0.31676,-0.29002,0.38426
0.5,-0.84098,0.064312,-0.33144,-0.74085,0.036471
0.5,0.17478,-0.15585,-0.41943,0.26023,0.39812
0.5,-0.27471,-0.047334,0.48022,0.15622,-0.12013
0.5,-0.57402,0.077867,0.082604,-0.95764,-0.17099
0.5,-0.85993,0.19749,-0.21607,0.36104,0.45382
0.5,-0.04554,0.082801,-0.12203,-0.46083,0.019863
0.5,0.44949,-0.02009,0.15203,-0.28818,0.27701
0.5,-0.50359,-0.11352,0.047503,-0.29161,0.085655
0.5,-0.62445,-0.31973,-0.47298,0.39054,0.092249
0.5,-0.89629,0.076142,-0.080483,-0.064352,0.25592
0.5,-0.12767,-0.27873,0.22722,-0.61867,-0.1253
0.5,-0.53998,-0.048443,0.19367,-0.67958,-0.020079
0.5,-0.12046,0.069806,-0.30635,0.11087,-0.13276
0.5,0.49008,0.27758,-0.37222,-0.63082,-0.1721
0.5,-0.57061,-0.045477,-0.27084,-0.55392,0.017677
0.5,0.22492,-0.093606,-0.057293,-0.4207,0.25575
0.5,-0.33537,0.11093,-0.053756,-0.64743,0.34565
0.5,-0.78129,-0.062922,-0.1052,0.024861,-0.10989
0.5,0.63433,0.10232,-0.20732,0.71487,0.49975
0.5,-0.85716,-0.093503,-0.90737,-0.71726,0.41848
0.5,0.25059,0.24477,-0.28871,0.13457,-0.18637
0.5,0.55448,0.072796,0.088072,-0.84879,-0.11858
0.5,-0.97413,0.0063145,-0.14877,-0.46608,0.46148
0.5,-0.49876,0.25305,-0.15499,1.7922,-0.013645
0.5,0.95457,0.060961,-0.19057,-0.13702,0.044495
0.5,0.34571,0.13844,0.28181,2.3667,-0.12106
0.5,-0.39392,0.1341,-0.32452,0.58798,-0.16074
0.5,0.14415,-0.04379,-0.28805,-0.056987,0.057581
0.5,-0.49278,0.075679,-0.26507,0.86614,0.023881
0.5,-0.88677,-0.10067,0.25648,-0.79267,0.34564
0.5,-0.62018,-0.16424,0.3608,0.44665,0.21156
0.5,-0.21877,0.15542,-0.11326,-0.32927,0.30459
0.5,0.84442,-0.30264,-0.12817,0.76993,0.32797
0.5,-0.58864,0.10406,0.57453,-0.25296,0.45422
0.5,-0.88265,0.080643,-0.043558,0.45203,0.031327
0.5,-0.26552,0.059008,0.60436,-0.27623,0.22372
0.5,0.67441,-0.044266,0.37067,-0.44291,0.5064
0.5,0.97926,0.11146,0.161,-0.91166,0.47463
0.5,-0.59865,-0.012973,0.2829,2.5961,0.22304
0.5,0.43952,0.070886,0.16346,0.24899,-0.090764
0.5,0.9717,-0.013885,0.49501,0.68263,0.40205
0.5,0.94585,-0.025982,0.25152,-0.37243,-0.1474
0.5,-0.82629,-0.066229,0.037281,-0.60446,0.4957
0.5,-0.85358,-0.036969,-0.014754,-0.48487,0.014749
0.5,-0.058342,0.063311,-0.19591,0.071241,-0.13117
0.5,0.34046,0.057439,-0.013817,1.8936,0.28761
0.5,-0.7687,0.10776,-0.021265,-0.22379,-0.077864
0.5,-0.94519,0.2089,0.12081,-1.1364,0.33778
0.5,-0.63544,-0.067681,-0.34913,-0.41927,-0.12289
0.5,0.67886,0.027191,-0.74497,-0.56394,0.0072405
0.5,-0.65003,0.058706,0.9361,0.086753,0.29052
0.5,-0.33767,-0.24787,-0.16293,0.32802,-0.10234
0.5,-0.20421,0.016103,0.47809,2.0505,0.21662
0.5,0.33511,-0.0097942,0.1602,-0.37636,-0.18511
0.5,-0.14293,-0.14569,0.035532,0.33727,0.34327
0.5,0.18602,0.30082,0.41074,-0.99823,0.12465
0.5,-0.61093,-0.38578,0.11478,-0.68837,-0.18711
0.5,-0.25251,-0.031547,-0.039573,0.30652,-0.051036
0.5,-0.21439,0.25253,-0.6351,-0.42397,-0.18825
0.5,0.020628,-0.28608,-0.088087,0.25448,0.0024619
0.5,0.63989,-0.085003,-0.57709,-0.15362,0.10286
0.5,-0.82712,-0.024093,0.095599,0.27216,-0.032014
0.5,-0.59025,-0.04537,0.48528,-0.11808,-0.099343
0.5,0.51784,0.17413,0.34062,-0.62372,-0.016987
0.5,0.7532,-0.15212,0.30774,0.1506,0.25076
0.5,0.77403,0.02551,-0.20826,-0.18507,0.49576
0.5,0.89049,0.019918,-0.086832,0.68266,-0.13464
0.5,0.60428,0.019606,-0.42714,-0.97461,0.24511
0.5,0.75984,0.46527,-0.086966,0.6806,0.49465
0.5,-0.70872,-0.089178,0.17944,-0.16955,0.30774
0.5,0.94012,0.24832,-0.7127,0.99945,0.01045
0.5,-0.15207,-0.023036,-0.40046,0.21766,0.40956
0.5,-0.67972,0.13662,-0.28096,-0.36886,-0.031471
0.5,-0.69794,0.36555,-0.45421,-0.37495,0.11987
0.5,0.10459,-0.04872,0.24958,-0.48208,0.01541
0.5,-0.62442,0.084914,0.15958,0.38409,0.089271
0.5,-0.4041,-0.23375,-0.52455,-0.59611,0.44403
0.5,0.46055,0.31746,0.57181,0.62674,0.23303
0.5,0.92198,0.34152,-0.75148,-0.63317,0.024074
0.5,0.26314,-0.29824,-0.79457,-0.58653,0.27632
0.5,-0.57893,0.085546,-0.091437,-0.17056,0.43615
0.5,-0.73621,0.19916,0.083648,-0.59152,0.28677
0.5,-0.92652,0.22193,-0.093536,-0.49223,0.42742
0.5,-0.29879,0.10717,-0.083984,-0.38782,0.41475
0.5,-0.62987,-0.027847,0.087388,-0.32835,0.04432
0.5,-0.94715,0.057448,-0.17569,-0.55312,0.29504
0.5,0.32721,-0.15732,0.20324,0.76257,0.25145
0.5,-0.018527,0.042928,0.40207,-0.52082,0.35877
0.5,0.66886,0.11296,0.41581,-0.66843,0.51742
0.5,-0.87815,-0.052479,0.61472,-0.67618,0.33562
0.5,-0.32377,-0.00096992,-0.26036,-1.169,-0.17512
0.5,-0.18059,-0.025624,0.28198,0.81077,0.12598
0.5,-0.37236,-0.076694,0.42889,-1.061,0.47178
0.5,0.12281,0.094765,0.055287,0.2931,0.12019
0.5,-0.090914,-0.25281,-0.010536,-0.59174,0.30719
0.5,0.50644,-0.24853,0.36161,1.2833,0.38404
0.5,0.38324,-0.31749,-0.26589,-0.41491,-0.18909
0.5,0.43415,0.011132,0.3231,-0.62568,0.36498
0.5,-0.034066,-0.19247,1.1318,0.16723,0.29333
0.5,-0.062828,-0.076209,-0.48212,-0.7018,0.46812
0.5,0.0031525,0.21784,0.28918,0.1715,-0.0909
0.5,-0.23839,-0.18081,-0.2179,-0.58111,0.42352
0.5,0.82153,-0.10064,-0.019011,-0.097072,0.097259
0.5,0.29382,-0.18022,0.76263,0.11135,0.36009
0.5,0.69639,-0.12514,-0.59502,-0.38148,-0.14348
0.5,0.28601,0.035474,0.23349,0.082837,-0.049524
0.5,-0.69411,0.32934,0.41463,-0.87836,-0.1278
0.5,-0.7687,0.014738,-0.61625,-0.07963,-0.0053043
0.5,-0.37383,-0.18986,-0.0053435,-0.090716,0.51218
0.5,-0.32976,-0.054318,-0.28128,-0.48569,-0.13085
0.5,0.45315,0.019373,0.2282,0.18883,-0.17892
0.5,0.50179,0.020744,0.35051,0.30446,-0.12044
0.5,-0.096076,-0.1985,0.24903,-0.094775,0.25909
0.5,0.48009,-0.14166,-0.23518,0.85565,0.49251
0.5,0.63738,-0.01044,-0.50255,0.59363,0.48046
0.5,0.92172,0.060373,-0.21664,-0.26796,0.070413
0.5,0.25622,-0.11303,0.34545,0.44978,0.22351
0.5,-0.90327,0.21831,0.1904,-0.6374,0.51931
0.5,-0.78475,-0.18879,0.51331,0.66625,-0.031367
0.5,0.53285,0.08962,-0.060377,0.26709,0.29659
0.5,-0.37611,-0.14392,-0.25725,-0.18443,0.41694
0.5,0.79294,0.43229,-0.18831,0.01718,0.44993
0.5,0.65013,0.04505,-0.28176,-0.02058,0.035533
0.5,-0.6031,0.12125,0.020131,-0.027442,0.22658
0.5,0.75858,-0.032864,0.015,-1.1231,0.087637
0.5,-0.50575,-0.11406,0.23008,-0.55563,0.28984
0.5,0.62045,-0.091852,-0.16012,-0.55488,0.033009
0.5,0.85791,0.13287,0.23133,0.021063,0.37642
0.5,-0.66003,-0.10351,0.043582,0.42872,0.26473
0.5,-0.24629,-0.051354,-0.014303,-0.10457,-0.035693
0.5,0.29796,0.26629,-0.25284,0.56594,0.033047
0.5,-0.049929,0.13167,0.20488,-0.68967,0.38542
0.5,-0.78489,-0.040834,0.69368,-0.48263,0.088255
0.5,0.38361,-0.20888,-0.17502,-1.5932,0.35713
0.5,-0.43645,-0.12445,0.013878,0.50108,0.22707
0.5,0.3173,0.087228,-0.2154,-1.0512,0.11174
0.5,0.66638,-0.08572,-0.060416,0.59657,0.30404
0.5,0.22191,0.23193,-0.054278,-1.2239,-0.057451
0.5,-0.86919,-0.14054,-0.24724,0.79709,0.34379
0.5,0.13499,0.097947,-0.28398,-0.0010033,0.2304
0.5,0.9094,0.064287,0.2873,-0.076408,0.093319
0.5,-0.31909,0.11933,0.14715,-0.16717,-0.10233
0.5,0.64473,0.097603,0.5498,-0.26964,-0.13715
0.5,-0.84629,0.36512,-0.14873,-0.42598,0.34083
0.5,0.12554,-0.37229,-0.036978,1.2405,0.22614
0.5,0.89857,-0.20005,0.6791,1.1847,0.07989
0.5,0.00041631,-0.091013,-0.19287,-1.9037,0.20272
0.5,-0.31053,-0.052858,-0.05026,-0.21825,0.33589
0.5,0.0090144,0.15413,-0.067562,0.10001,0.062581
0.5,0.062607,0.18504,0.67764,-0.19026,-0.11415
0.5,0.8564,-0.052015,0.24118,-0.79077,0.07989
0.5,-0.51402,-0.24189,0.3053,-0.3699,-0.081283
0.5,0.30475,0.12931,0.051074,0.39747,0.46234
0.5,0.16707,0.25264,0.26972,-0.3879,-0.010813
0.5,-0.51284,-0.026216,-0.33197,-0.58899,0.44508
0.5,-0.63227,-0.0083214,0.35655,-0.37295,0.33987
0.5,-0.90243,0.041579,-0.51174,0.73675,0.44828
0.5,0.056002,0.28613,0.78424,-0.54326,-0.06672
0.5,0.31535,0.0033409,0.17632,-0.34253,0.021316
0.5,-0.34005,0.13187,-0.11017,0.13631,0.12776
0.5,-0.66332,-0.23919,0.37251,0.69302,0.24779
0.5,-0.66908,0.11427,-0.7273,0.73822,0.091428
0.5,-0.90827,0.025805,-0.61026,-1.0751,0.42583
0.5,-0.54173,-0.085383,-0.26937,0.70735,-0.0073316
0.5,0.15363,0.021517,-0.056204,0.72119,0.41275
0.5,-0.18873,0.04135,-0.2241,0.28955,0.045057
0.5,-0.67332,-0.013288,0.77225,-0.06487,0.43975
0.5,-0.26206,-0.12472,0.063921,0.22723,-0.17554
0.5,0.20443,-0.0010932,-0.31204,1.0921,0.088557
0.5,0.92576,0.049914,0.23359,-0.084945,0.35535
0.5,0.98243,0.26799,-0.29988,-0.072539,0.022061
0.5,-0.8601,-0.14683,-0.12957,-1.0013,0.20156
0.5,-0.53635,-0.036868,-0.0062465,0.62962,0.052872
0.5,-0.44878,0.1406,-0.15233,-0.0096233,0.50713
0.5,0.6199,0.003423,-0.11113,0.59278,0.215
0.5,0.95161,-0.16689,0.11778,1.0398,0.078701
0.5,-0.99975,0.25557,-0.24006,-0.95559,-0.1266
0.5,-0.055227,0.26097,0.2051,0.015463,-0.090707
0.5,-0.050025,-0.27762,-0.14116,0.36117,-0.16296
0.5,-0.74135,-0.032958,0.39934,0.46623,0.049671
0.5,-0.2671,-0.31258,0.15946,0.26775,0.36851
0.5,-0.030837,0.32824,-0.55432,-0.1638,0.086149
0.5,0.60736,-0.172,-0.085037,-1.0463,0.31544
0.5,0.365,0.038948,-0.20351,-0.10304,0.53243
0.5,-0.95809,0.0095205,-0.11886,-0.45828,0.22462
0.5,-0.73337,0.17588,-0.27014,-0.14693,0.30257
0.5,0.27464,-0.14453,-0.18402,0.53538,0.22665
0.5,-0.16982,0.14353,-0.50769,-0.3516,-0.012746
0.5,-0.85107,0.047088,0.69688,-0.019665,-0.0068491
0.5,0.73181,-0.11128,0.27018,0.74279,0.0178
0.5,-0.29356,-0.3607,0.15526,0.69165,0.38866
0.5,0.73113,-0.3044,0.033228,0.49049,-0.073838
0.5,-0.33654,-0.012708,0.19364,0.54616,0.47679
0.5,0.39086,0.21561,0.016994,-1.0537,0.41154
0.5,0.29059,0.28161,-0.39382,1.0637,0.33342
0.5,0.12372,0.017954,-0.005952,0.33618,0.27202
0.5,0.85387,0.18445,-0.16264,0.45917,0.033337
0.5,0.17819,-0.054436,-0.513,0.06176,0.42467
0.5,-0.17666,-0.14072,0.064709,0.49672,0.32158
0.5,0.043298,0.11369,-0.54983,-1.1134,0.12052
0.5,0.75641,0.056676,0.13708,0.81717,-0.13875
0.5,-0.077635,-0.090134,0.13345,-0.38063,0.052308
0.5,-0.12925,-0.02965,0.12044,-0.076581,0.46545
0.5,0.1877,-0.13217,-0.15941,-0.61404,0.045593
0.5,-0.85008,0.40107,-0.45675,0.25956,0.22917
0.5,-0.92841,-0.18253,0.010953,0.34267,0.25743
0.5,-0.4118,-0.013523,-0.014302,0.077484,0.084907
0.5,0.51377,0.030908,0.13091,0.44513,0.27007
0.5,0.53593,0.032039,0.35051,-0.53792,-0.091209
0.5,-0.82072,-0.025993,0.2867,-0.61373,0.30896
0.5,-0.38917,-0.15654,0.34676,-0.46792,0.47716
0.5,-0.59044,0.2098,0.039174,0.11327,0.42017
0.5,-0.9763,-0.18077,0.32102,-1.2041,-0.14495
0.5,0.29488,-0.26785,0.46176,0.92927,-0.19839
0.5,0.41221,-0.28849,-0.36277,-0.85213,-0.0094677
0.5,0.56019,0.22779,0.44654,-0.017365,-0.15683
0.5,0.69485,-0.061815,0.055814,0.71628,-0.16908
0.5,0.35029,0.041729,0.17615,-0.98144,0.3738
0.5,0.37152,-0.246,0.059909,-1.6032,0.29571
0.5,0.62926,-0.21585,0.19659,-0.70882,0.27119
0.5,-0.99314,0.3737,-0.38268,-0.17546,0.24372
0.5,0.76076,-0.047881,0.073905,0.92038,0.11716
0.5,-0.10506,-0.20685,-0.44072,0.62527,0.10779
0.5,0.64102,0.12447,-0.36039,0.67209,-0.16566
0.5,0.65676,0.24222,0.34574,-1.4082,0.20845
0.5,0.74413,-0.26945,-0.46431,-0.1101,0.43046
0.5,-0.44985,0.23302,-0.26929,-0.21473,0.31757
0.5,-0.82178,0.008519,-1.056,0.28292,0.21777
0.5,-0.99115,0.046394,0.18883,1.3373,0.49929
0.5,0.86867,-0.0088911,0.0079595,0.24175,0.51265
0.5,0.46306,-0.022202,0.029049,0.1177,-0.1494
0.5,0.64237,0.21338,0.078517,0.44977,0.045189
0.5,-0.71744,-0.089022,0.10665,-0.46063,3.2853e-05
0.5,0.40297,0.2081,-0.073653,0.075644,0.45195
0.5,0.39633,0.018061,0.47243,-0.60115,0.46867
0.5,-0.25534,-0.087033,-0.67214,0.25945,0.20277
0.5,0.13805,0.1177,0.2871,0.0502,-0.11429
0.5,-0.25696,-0.030147,0.10536,-0.72536,0.019153
0.5,0.23908,-0.10569,0.34877,-0.78704,0.27769
0.5,0.39051,-0.1775,-0.29968,-0.9969,0.43368
0.5,-0.25965,0.17488,0.093593,-0.9507,0.31067
0.5,-0.24159,0.11366,-0.58433,-0.13331,0.046982
0.5,-0.3015,0.19676,-0.33006,0.0074823,0.46038
0.5,0.53823,0.20139,-0.38762,-0.98648,0.2827
0.5,-0.7804,0.076864,-0.2662,0.43034,0.27818
0.5,0.33435,-0.086,0.2664,-0.33203,-0.12184
0.5,0.81413,-0.38633,0.25576,1.3995,0.53171
0.5,0.59384,-0.27083,0.0030003,0.40449,0.26017
0.5,-0.58522,0.21907,-0.70908,-0.17127,0.52583
0.5,0.12753,-0.12806,0.28618,-0.5368,0.039325
0.5,0.19912,0.28946,-0.18139,-0.033068,0.076192
0.5,0.082119,-0.36778,-0.35924,1.1968,0.22739
0.5,-0.32496,0.24874,-0.090005,-0.60779,0.33635
0.5,-0.7015,-0.16207,-0.39619,-0.56252,0.041831
0.5,-0.46957,0.064373,-0.25365,-0.87122,0.30977
0.5,0.33834,-0.095617,0.010567,-1.058,-0.056988
0.5,0.087876,-0.15283,0.45841,-0.59915,0.35346
0.5,-0.36743,0.22285,-0.26194,1.0581,0.002329
0.5,0.69551,-0.059051,-0.532,-0.21521,0.3786
0.5,-0.21998,-0.12047,-0.71639,0.16756,-0.18322
0.5,-0.56376,0.0016406,-0.8261,2.13,0.4721
0.5,-0.82475,0.022853,0.061811,-1.2744,0.4877
0.5,-0.75738,-0.33664,-0.55688,-0.19865,0.33452
0.5,-0.45536,-0.26284,0.30817,1.3472,0.2936
0.5,0.66107,0.22256,-0.292,0.18724,0.037178
0.5,0.32307,0.037586,0.096226,0.41527,0.22766
0.5,0.88264,0.22116,-0.96956,-0.080675,0.25758
0.5,0.89939,-0.11852,0.15062,-0.2996,0.41815
0.5,-0.13382,0.18615,0.33248,0.27338,0.27893
0.5,0.030057,0.047801,-0.27234,-0.71531,0.44468
0.5,-0.88545,0.15561,-0.57184,-0.71189,-0.072307
0.5,0.7403,0.22187,0.24023,-1.1578,0.32838
0.5,-0.35629,0.009801,-0.2095,0.80256,0.24999
0.5,-0.011773,0.19128,-0.29257,0.93976,0.062901
0.5,0.20412,0.094993,-0.11952,0.43318,-0.16395
0.5,0.19195,0.079524,-0.31362,0.34464,0.48699
0.5,-0.39348,0.034022,0.25943,0.24259,-0.14837
0.5,0.43306,-0.026029,-0.33527,-0.16073,-0.10694
0.5,0.55642,-0.15665,0.0013148,0.057491,-0.042565
0.5,0.97977,0.095457,-0.26985,-0.31606,0.23016
0.5,-0.029581,0.16857,-0.047834,-1.012,0.11315
0.5,0.065346,-0.042121,0.25226,0.62129,0.090038
0.5,0.35895,-0.48584,0.14751,0.58846,-0.10505
0.5,-0.833,-0.14202,-0.3741,-0.35382,0.26402
0.5,-0.78372,-0.29233,0.061394,-0.069107,0.01894
0.5,-0.1484,-0.024382,0.48419,0.0663,-0.052604
0.5,-0.368,0.29951,-0.25039,-0.33937,0.06945
0.5,0.7172,-0.19578,0.20066,0.4051,-0.0005852
0.5,0.040207,0.13967,-0.62734,-1.3796,0.018827
0.5,0.20285,0.078847,0.65994,0.3467,-0.12778
0.5,-0.59216,0.081661,0.22831,0.92271,-0.050291
0.5,0.52331,-0.13116,0.38508,-0.28586,0.38392
0.5,-0.48577,-0.034139,0.58545,-0.69722,0.22158
0.5,0.37541,0.068144,-0.1095,-0.40458,0.50331
0.5,0.26659,-0.038799,-0.23881,-0.36509,-0.036538
0.5,0.076333,-0.013662,0.15667,0.51833,-0.10608
0.5,0.47316,-0.09993,-0.0081135,-0.39151,0.3189
0.5,0.84089,0.22093,0.25529,0.79954,-0.081239
0.5,0.79746,0.085184,-0.33691,-0.60014,0.50366
0.5,0.40156,-0.068873,-0.51327,0.1758,-0.060167
0.5,0.46563,-0.0010312,-0.80069,-1.0167,0.48516
0.5,0.441,0.37197,0.17722,0.021439,0.50631
0.5,0.33011,-0.19246,0.18074,0.61927,-0.11559
0.5,-0.3527,0.036692,0.70981,-0.68791,-0.18763
0.5,0.02872,-0.17846,0.43079,0.3383,0.29201
0.5,-0.12839,-0.22251,-0.24129,0.21678,-0.054676
0.5,-0.87521,0.016865,-0.029582,-0.048131,0.057195
0.5,0.50017,0.10455,-0.19164,0.0026187,0.47319
0.5,-0.84522,0.014933,-0.29907,0.68523,0.12037
0.5,-0.67766,0.013032,-0.239,-0.48811,-0.064135
0.5,0.62681,-0.038552,-0.31147,0.26594,0.52517
0.5,0.68373,-0.0095594,0.03471,-0.96154,-0.017079
0.5,-0.53633,0.082006,-1.0288,-0.51764,0.2395
0.5,-0.74083,0.12596,0.054908,-0.45211,0.47815
0.5,-0.82974,-0.32353,-0.65618,-0.29373,0.24618
0.5,-0.59371,0.030709,0.055031,-0.48252,0.11291
0.5,-0.36973,-0.11462,0.25698,0.55768,0.057091
0.5,-0.9493,0.085177,0.06242,-0.020178,0.31612
0.5,0.53786,0.23687,0.30232,-0.28898,0.5121
0.5,-0.459,-0.00082807,-0.14832,-0.18445,0.23312
0.5,-0.41249,-0.041643,-0.055228,0.0091749,0.039447
0.5,-0.43806,0.092159,0.45714,-1.0238,-0.073842
0.5,0.11003,-0.26948,-0.10802,0.13555,0.4269
0.5,-0.029418,0.055679,-0.097307,0.14003,-0.19776
0.5,0.49731,0.13395,-0.33293,0.03643,0.31957
0.5,0.91427,-0.12283,-0.021385,-0.24439,0.41899
0.5,-0.7604,-0.079189,-0.24975,-0.085854,0.0086996
0.5,0.58843,-0.10375,0.49192,-1.0836,0.21661
0.5,-0.92439,0.042655,0.0782,-0.040615,-0.16763
0.5,0.96005,0.23795,-0.024469,-0.44579,-0.16345
0.5,0.01555,0.055611,-0.50893,-0.46903,0.081957
0.5,-0.66542,-0.054374,0.21189,-0.2371,0.059158
0.5,-0.90053,-0.12244,0.34245,-0.18091,-0.15504
0.5,-0.4635,-0.15283,0.022815,0.22172,0.50304
0.5,-0.89359,-0.0049492,0.14337,-0.71705,-0.082323
0.5,0.58501,-0.026274,-0.43485,0.24056,-0.092004
0.5,-0.61727,0.24853,0.25253,0.49684,0.47864
0.5,-0.19022,-0.0011716,-0.31204,-0.14659,0.30343
0.5,-0.80411,0.015704,0.53103,-1.1392,-0.044284
0.5,0.59608,-0.12094,0.56014,0.040066,0.2127
0.5,-0.29941,0.066582,0.009075,-0.51471,0.050616
0.5,0.81505,0.033574,-0.26983,0.33261,0.48225
0.5,-0.60938,-0.25714,-0.020646,-0.25198,0.33945
0.5,0.10683,-0.10763,0.31986,-0.96259,-0.081474
0.5,-0.67737,0.18145,-0.24458,-0.66045,-0.11144
0.5,-0.57467,-0.31661,-0.26274,-0.48791,0.089337
0.5,0.31506,-0.10567,0.1017,-0.5507,0.045524
0.5,0.92389,-0.11356,0.1972,0.22927,0.10462
0.5,0.49761,0.13508,0.033835,-0.15107,0.4608
0.5,0.96611,-0.21973,-0.66185,1.0696,-0.10935
0.5,0.22256,0.10259,-0.68726,1.1684,0.21535
0.5,0.16797,-0.17202,-0.15369,-0.071397,0.039577
0.5,0.58299,-0.075207,-0.16319,0.23296,0.11712
0.5,-0.24489,-0.45693,-0.1948,0.19757,-0.050957
0.5,0.57234,0.19924,-0.2826,-0.48943,0.21255
0.5,-0.40848,-0.16149,-0.40159,-0.0067157,0.20393
0.5,0.10359,-0.22339,-0.062997,0.31494,0.069532
0.5,0.83754,0.0049776,0.36792,-1.4896,0.3534
0.5,0.26415,-0.21972,0.054081,0.041634,0.20617
0.5,-0.77446,-0.16042,-0.017885,0.80619,-0.084619
0.5,-0.6585,0.029753,-0.35014,-0.67255,-0.044271
0.5,-0.65929,-0.028808,-0.30524,-0.27146,-0.047277
0.5,0.59255,-0.32935,-0.82032,0.65633,0.24435
0.5,-0.46207,0.22156,0.19459,0.4251,0.53115
0.5,-0.85111,0.019246,-0.21531,-1.8197,0.51238
0.5,0.66802,-0.21893,-0.041954,0.80704,0.32447
0.5,-0.74939,-0.40212,0.26186,0.26691,0.39963
0.5,0.65732,-0.080513,-0.19947,-0.054991,-0.18422
0.5,0.17326,0.15652,-0.4259,-0.98465,0.34284
0.5,-0.0030999,-0.087961,0.22289,0.87644,-0.17937
0.5,-0.79532,0.10137,-0.077326,1.585,-0.13828
0.5,-0.79029,0.28525,0.014711,-0.56728,-0.087476
0.5,-0.029326,0.045425,0.023596,0.92067,0.22715
0.5,0.73985,0.037592,-0.10674,-0.71959,0.49287
0.5,-0.81206,0.068926,-0.50384,-0.63576,0.042869
0.5,0.38289,0.17334,0.042611,-0.24405,-0.031726
0.5,-0.73845,0.15083,-0.63741,-0.82586,0.50928
0.5,0.4096,0.20192,0.5274,0.33259,0.32194
0.5,-0.076095,-0.016101,0.36821,0.10312,0.12229
0.5,0.024011,-0.18233,-0.39139,0.44322,0.4254
0.5,0.76309,0.13811,-0.30474,-0.56235,0.079273
0.5,-0.92505,-0.3449,0.1466,0.72145,-0.10418
0.5,0.71305,-0.12799,0.20617,-0.18809,-0.083
0.5,-0.23037,0.12034,0.026371,-0.82482,0.096518
0.5,-0.73577,0.0051914,-0.41944,-0.88519,0.30556
0.5,0.33086,0.34952,0.073745,0.37898,-0.055371
0.5,-0.45194,-0.019643,0.060255,-0.57629,0.37023
0.5,-0.16543,0.26964,0.089254,0.39629,0.44641
0.5,-0.1494,-0.056986,0.17376,-0.20157,0.49
0.5,0.61055,-0.0695,-0.0057324,0.0071318,-0.14452
0.5,0.42437,0.18908,-0.60902,0.62673,0.076752
0.5,-0.74651,-0.086779,0.019044,0.45983,-0.13354
0.5,0.53081,-0.29538,-0.22826,0.35164,0.45933
0.5,0.049804,0.46281,0.4839,1.1873,0.22253
0.5,0.48517,0.28377,-0.81573,-0.6133,0.024947
0.5,-0.29991,0.15638,-0.10872,-0.12708,0.46658
0.5,0.99295,0.073647,0.093847,-0.76164,0.034211
0.5,0.044515,-0.23615,-0.85115,-0.053578,-0.015648
0.5,0.56004,-0.017523,-0.16866,-0.17667,-0.14922
0.5,-0.94324,0.076122,0.084128,0.59413,0.050802
0.5,-0.51486,-0.17646,-0.24578,-0.55945,0.49019
0.5,0.4294,0.13914,0.087824,-0.72012,0.50185
0.5,-0.12791,-0.29091,-0.017069,0.3952,-0.1579
0.5,-0.017704,0.026477,0.69484,-1.3316,0.51091
0.5,-0.62775,0.030852,-0.47582,1.15,-0.19282
0.5,-0.51482,0.33828,0.17377,0.15999,0.26673
0.5,-0.86123,0.095231,-0.43553,-0.4129,-0.16692
0.5,0.84077,0.043544,0.39392,0.51075,-0.14844
0.5,-0.43882,-0.19602,-0.36862,0.81218,-0.0045237
0.5,0.98448,0.042224,0.16294,-2.0977,0.47041
0.5,0.81024,-0.046721,-0.33226,0.05603,0.49231
0.5,0.32947,-0.02744,0.34365,-0.38738,0.2889
0.5,0.21731,-0.14713,-0.090137,-0.29107,0.12556
0.5,0.14718,0.15512,0.42689,0.65187,0.49587
0.5,-0.52273,0.21988,-0.19764,-0.56989,0.35618
0.5,-0.37985,0.083853,-0.4376,1.0985,0.027641
0.5,-0.12193,0.43946,-0.067383,0.11017,0.11645
0.5,-0.061225,-0.10281,0.1413,-0.54093,0.046358
0.5,0.075855,0.092914,-0.40271,0.38351,-0.19714
0.5,0.75204,-0.13695,-1.1188,-0.40614,-0.07448
0.5,-0.082764,-0.14795,0.055957,-0.92779,0.52469
0.5,0.3042,-0.15046,0.26366,-0.40574,0.049523
0.5,0.99387,-0.26382,0.21194,-0.22968,-0.1455
0.5,-0.83705,-0.077093,0.14218,0.31137,-0.092022
0.5,-0.17945,-0.17442,-0.027997,-1.3141,0.51878
0.5,0.15861,-0.086958,0.2918,0.73413,-0.16531
0.5,0.55693,0.0030212,-0.76912,1.5969,-0.14688
0.5,-0.37015,0.025205,-0.58563,0.078272,-0.066257
0.5,-0.35058,-0.065578,-0.45441,-0.042073,0.37226
0.5,-0.63271,-0.18853,-0.53815,0.7717,0.53115
0.5,-0.71875,0.089448,0.034505,1.0254,0.51418
0.5,-0.64843,0.2147,0.23327,-1.4347,-0.050661
0.5,-0.5246,-0.19647,-0.61241,0.60613,0.45672
0.5,-0.49788,0.16109,0.23162,-0.68237,-0.15387
0.5,0.41848,-0.03876,0.81775,-0.98827,0.38795
0.5,0.070396,0.15759,0.15557,0.31744,0.32031
0.5,0.60323,0.23553,-0.26015,-0.53626,-0.044298
0.5,-0.13105,0.10549,0.26383,0.040309,-0.016181
0.5,-0.28457,-0.12973,0.22726,-0.35039,0.067021
0.5,-0.57622,-0.13498,0.2311,0.0088521,-0.09111
0.5,0.77852,-0.05004,0.92837,-0.012084,0.22792
0.5,-0.91071,0.1641,0.61476,0.4138,0.30874
0.5,-0.35433,-0.18681,-0.54324,-0.81029,0.46646
0.5,-0.70639,-0.076337,0.26945,0.53775,0.24248
0.5,0.20385,0.15348,0.58005,0.13821,0.092664
0.5,0.84817,-0.0070607,-0.32524,-0.97082,0.45872
0.5,-0.1865,-0.062736,-0.14187,0.639,0.27204
0.5,0.94105,0.23156,0.31898,0.39332,-0.16416
0.5,-0.16611,0.039514,0.18663,1.0217,0.45493
0.5,0.91324,-0.076392,0.46938,0.71311,0.30453
0.5,-0.092176,0.51787,0.6119,-0.16178,0.43679
0.5,-0.84232,0.1059,-0.14649,-1.3715,-0.057518
0.5,0.44073,0.27093,0.11059,0.37858,-0.024041
0.5,-0.60471,-0.067461,-0.14183,-0.73697,-0.0071911
0.5,0.47376,0.0028426,0.13541,0.10074,-0.12515
0.5,0.19786,-0.08356,0.66352,-0.41377,0.035595
0.5,-0.74142,0.08962,0.45904,0.37646,-0.12256
0.5,-0.81807,-0.11126,0.27093,-0.1673,0.50997
0.5,0.34403,-0.12359,-0.28214,-0.53169,0.36707
0.5,-0.13973,-0.13112,-0.16141,0.49657,-0.015562
0.5,-0.48798,-0.055274,-0.12873,-1.1174,-0.075948
0.5,-0.20894,-0.31244,0.40206,-0.78265,-0.10824
0.5,-0.38104,-0.035341,0.0077212,1.2038,0.21893
0.5,-0.32488,0.13425,0.25801,0.31906,0.41612
0.5,0.040479,0.087572,-0.17715,-0.83774,0.040516
0.5,-0.54026,0.044306,-0.32491,0.20861,0.45346
0.5,0.99146,-0.074946,0.44887,0.42565,0.12069
0.5,-0.87811,0.098602,-0.3465,-0.033839,0.038887
0.5,-0.29245,0.0116,0.1594,1.67,0.016119
0.5,-0.43464,0.094391,0.041489,-1.3582,0.2734
0.5,-0.12983,0.10278,0.40127,-0.31401,0.32015
0.5,-0.29775,-0.027122,-0.10315,0.35025,0.29865
0.5,0.6526,0.20497,0.47608,1.8613,0.52932
0.5,0.0037933,-0.079519,-0.64815,1.1731,-0.087535
0.5,-0.31178,0.099514,-0.26992,0.39682,0.35012
0.5,0.785,-0.042983,-0.15415,-0.73076,0.36844
0.5,-0.018725,0.17736,-0.29715,-0.10452,0.042866
0.5,0.93883,-0.25223,-0.35377,0.12762,-0.18145
0.5,0.42446,-0.039839,0.044694,-0.19034,0.20034
0.5,0.76334,0.1908,0.26258,-0.24832,0.52516
0.5,0.17395,-0.040327,0.38724,0.38728,0.23244
0.5,-0.16854,-0.13868,-0.64774,0.95767,-0.01844
0.5,0.26596,-0.18616,0.15255,1.0312,0.47075
0.5,-0.15328,-0.12741,0.38721,-0.0045963,0.39929
0.5,-0.40011,0.13819,0.46023,0.15572,-0.1606
0.5,0.53478,0.17927,-0.018264,-0.70288,-0.018552
0.5,0.66217,0.092173,0.0046837,-0.96269,0.060799
0.5,0.63808,0.18294,0.34819,-0.43569,0.31402
0.5,-0.4521,0.098898,0.50602,-0.2635,0.013708
0.5,0.61373,-0.073931,-0.73752,-0.59369,0.099398
0.5,-0.11227,0.18668,0.39515,-0.71364,0.21246
0.5,-0.15312,-0.11515,0.33303,-0.02092,-0.075872
0.5,0.47484,0.012361,0.12596,1.228,0.088148
0.5,0.9426,-0.036806,-0.24414,0.94179,-0.093537
0.5,0.42402,0.0087612,0.93764,-0.15213,0.12523
0.5,-0.026166,0.1842,-0.091595,-1.0656,0.50131
0.5,0.72938,-0.010241,0.50738,0.31248,0.23861
0.5,-0.57709,-0.24182,0.77969,-1.1585,0.017413
0.5,0.42473,-0.028241,-0.079906,0.27489,0.081372
0.5,-0.31234,0.28919,0.67039,0.18209,0.053347
0.5,-0.69097,0.39662,0.64363,-0.64882,-0.088434
0.5,0.40075,-0.28145,-0.063382,-0.49892,0.40778
0.5,0.84796,0.1363,0.40627,0.7619,0.48887
0.5,0.55689,0.087694,-0.51141,0.040521,-0.11157
0.5,0.80012,0.28516,0.32559,0.31668,0.12913
0.5,-0.28876,0.09808,-0.040039,0.30135,0.047509
0.5,-0.92635,-0.21542,-0.30294,-0.19865,-0.12783
0.5,0.71343,0.078214,-0.15804,-0.44408,0.04099
0.5,-0.31988,-0.2656,0.39039,-0.77942,0.046273
0.5,0.47687,0.00817,-0.15406,0.4501,0.44138
0.5,-0.084968,-0.019512,-0.26628,0.37279,0.21844
0.5,-0.70315,0.37184,-0.15203,0.35098,0.44105
0.5,0.5539,0.060254,0.25565,0.30133,0.044381
0.5,-0.36858,0.14815,-0.41331,0.58681,0.26022
0.5,-0.78151,0.093034,0.11709,0.7532,-0.13258
0.5,0.96965,-0.044222,-0.018599,-0.57205,0.24177
0.5,-0.35788,-0.11362,-0.1166,0.98575,-0.035793
0.5,0.97181,-0.023999,-0.67329,0.55691,0.26793
0.5,-0.62663,0.069771,-0.037153,0.98265,0.32441
0.5,-0.40026,0.18783,-0.22761,0.86298,-0.13217
0.5,0.9431,-0.13074,-0.56351,0.022256,0.31221
0.5,0.78583,-0.12359,0.0067752,0.36682,0.2725
0.5,0.32561,-0.18444,-0.86602,0.48842,-0.12659
0.5,0.3076,-0.042391,0.27349,0.10473,0.11851
0.5,-0.29128,0.16439,0.016563,-0.62719,0.30726
0.5,0.39218,0.01763,-0.37628,-0.45361,-0.11104
0.5,0.042367,-0.13537,0.27634,-0.33948,0.34193
0.5,-0.49585,0.14936,-0.24802,0.4104,0.073501
0.5,-0.29643,-0.1958,-0.1824,0.1521,-0.11958
0.5,-0.63984,-0.025173,0.062371,-1.7972,0.5188
0.5,0.37449,-0.06296,-0.38384,-0.57504,0.26886
0.5,-0.62373,-0.019757,-0.38912,-0.8573,0.25351
0.5,0.73843,-0.16778,-0.39969,0.50142,0.50497
0.5,-0.28997,-0.19678,0.40558,-0.71319,0.35758
0.5,0.4529,0.0090689,-0.25144,0.87508,0.32877
0.5,0.68829,0.24107,0.28019,0.20805,0.030786
0.5,0.72548,-0.20496,0.12639,0.5003,0.41419
0.5,0.91111,0.42342,-0.35734,-1.3712,0.52743
0.5,0.75129,0.076861,0.24316,-0.14707,0.27342
0.5,-0.19286,-0.18942,-0.13371,0.21846,0.21465
0.5,-0.54056,-0.30525,0.17881,0.049082,0.33153
0.5,-0.056111,0.058858,0.21491,0.51612,0.012494
0.5,-0.099117,-0.49023,-0.0038295,-1.3771,-0.035126
0.5,-0.041806,-0.019418,-0.2394,-0.2997,-0.076139
0.5,-0.64615,-0.004662,0.54971,1.2822,0.21989
0.5,-0.23933,0.097313,-0.039039,0.2318,0.40112
0.5,-0.26567,0.027742,-0.091957,-1.7339,0.22186
0.5,-0.14748,-0.1136,-0.23967,-1.6987,0.25674
0.5,-0.52882,-0.079512,-0.14817,-0.81972,-0.13766
0.5,0.2576,-0.20375,0.024119,-0.48776,0.018603
0.5,-0.84305,0.22644,-0.5856,-0.7738,-0.03473
0.5,0.74296,-0.14174,-0.53394,1.0381,-0.16402
0.5,-0.43864,0.12424,-0.040943,0.45398,0.48069
0.5,-0.0052308,0.10092,-0.2256,-0.11319,0.49566
0.5,-0.77358,0.29711,0.10066,0.075666,0.3014
0.5,0.32783,0.05666,-0.82674,0.48968,0.40719
0.5,0.14412,-0.088945,-0.021465,-1.7355,0.061701
0.5,-0.71393,-0.19105,-0.20954,-0.48573,0.29123
0.5,-0.84184,0.12699,-0.016569,0.39045,0.29234
0.5,0.0082459,0.25727,0.050148,-0.44709,0.26669
0.5,0.057624,-0.30528,-0.084862,-0.48072,0.51481
0.5,0.5073,0.1038,0.12777,-0.66598,-0.16659
0.5,0.4826,0.18743,-0.12013,0.1734,0.44024
0.5,-0.64546,-0.12986,0.21712,0.22731,-0.11831
0.5,-0.399,-0.015451,0.20381,0.36981,0.40233
0.5,-0.42111,0.037226,0.29179,-0.27251,0.46008
0.5,0.56969,-0.22419,0.67495,0.083262,-0.19558
0.5,-0.51775,-0.056043,-0.093913,-0.52866,0.407
0.5,0.095243,0.014767,0.60221,0.019781,0.26605
0.5,-0.56398,-0.020663,0.0072559,-1.8431,0.24118
0.5,0.32975,-0.012147,0.029586,-0.34446,0.37432
0.5,0.5463,0.067546,0.3188,0.70387,0.38028
0.5,0.90917,-0.027555,-0.3097,-0.59698,0.12907
0.5,0.58345,0.18374,-0.51687,0.78795,0.23789
0.5,-0.29547,-0.18655,-0.033523,0.76353,0.20516
0.5,0.29364,0.18583,-0.35541,0.55509,0.40023
0.5,-0.8766,0.056389,-0.12404,0.29067,-0.064049
0.5,-0.80491,-0.022451,-0.59307,0.4424,-0.10458
0.5,0.37361,0.10723,-0.37267,0.54715,-0.16592
0.5,0.83453,-0.036022,0.1102,0.23042,0.44287
0.5,-0.19567,0.28443,-0.4058,-0.16034,0.015971
0.5,-0.64002,-0.13348,0.14409,-0.60236,0.46602
0.5,-0.86502,-0.15449,-0.30925,-1.2722,-0.080719
0.5,-0.86007,0.12595,0.15595,-0.068243,0.22684
0.5,0.80839,-0.078338,-0.19917,-0.46298,0.38162
0.5,-0.1474,0.26051,-0.21496,-0.43527,0.32784
0.5,-0.16896,0.10785,-0.24166,-0.54814,-0.079964
0.5,0.082495,-0.080703,0.046782,1.0255,0.50885
0.5,0.62724,-0.13392,-0.015252,1.2683,-0.029578
0.5,-0.01554,-0.35032,-0.19605,-0.43891,0.51342
0.5,-0.20395,-0.14407,-0.31673,-0.6529,0.25033
0.5,-0.31156,-0.19353,-0.097094,-0.081667,0.12105
0.5,0.79891,-0.17228,0.30336,1.4298,-0.14621
0.5,-0.45868,0.03716,0.024034,0.0012974,0.46327
0.5,0.41333,-0.44455,0.21756,-0.64242,0.012934
0.5,-0.07677,-0.19456,-0.033717,-0.043325,0.053596
0.5,0.21772,0.037842,0.24727,0.95611,0.37699
0.5,0.82557,0.17336,-0.079641,0.1077,0.50008
0.5,0.30501,-0.1256,0.18855,1.2814,0.058152
0.5,0.31021,0.017343,-0.13787,-0.56207,0.21762
0.5,0.90597,0.0061566,0.53022,-0.81623,-0.035556
0.5,0.99011,0.30084,-0.081872,0.18056,0.47466
0.5,0.30323,0.26158,0.022191,-0.20676,0.40496
0.5,0.40948,-0.13288,-0.28829,-0.34413,-0.047933
0.5,-0.56277,-0.089984,0.18257,-0.30443,0.33203
0.5,-0.61884,-0.030953,0.21615,0.37559,-0.16296
0.5,-0.43079,-0.33621,0.29388,-0.5684,0.2871
0.5,0.29079,-0.063447,-0.21825,0.024654,0.26942
0.5,0.22794,0.51173,0.099641,-0.50018,0.36919
0.5,0.74372,-0.11065,-0.037568,-0.5499,-0.11394
0.5,-0.44055,-0.24594,-0.16293,0.013695,0.31358
0.5,-0.53388,-0.32415,-0.26991,0.40799,-0.15681
0.5,-0.47784,0.026679,0.34818,-0.061372,-0.13874
0.5,0.14656,0.29099,-0.52528,0.44278,0.49942
0.5,0.87444,0.17521,-0.36226,1.0766,0.51114
0.5,0.87769,0.084812,0.1602,0.65953,0.11298
0.5,-0.68921,-0.030826,0.15806,0.29555,0.3814
0.5,-0.68387,-0.2497,0.38976,1.5428,0.47299
0.5,-0.52033,-0.2455,0.71521,-0.018491,0.24408
0.5,0.59823,0.043902,0.10098,0.13509,0.49376
0.5,0.017548,0.074587,0.063871,-0.27871,0.4079
0.5,0.95175,-0.27486,-0.080545,1.0068,-0.054889
0.5,-0.81105,0.058491,-0.040624,0.011743,0.26761
0.5,-0.34347,0.03974,-0.23737,-0.2168,-0.037893
0.5,0.99134,-0.075563,0.14659,0.11649,-0.14785
0.5,-0.010845,0.13656,-0.17588,-0.79584,0.47378
0.5,-0.075289,0.24124,-0.1636,-7.8039e-05,0.44894
0.5,-0.085502,0.25122,0.14954,0.64277,0.45189
0.5,0.96866,0.11161,-0.17409,0.15948,-0.12347
0.5,-0.32186,-0.0023872,0.29923,0.79782,-0.083306
0.5,0.36079,-0.034651,-0.68939,0.23324,0.024622
0.5,-0.25789,-0.0061894,-0.53962,-0.59851,0.39428
0.5,0.57516,-0.030941,-0.28512,0.28872,0.33956
0.5,-0.89526,0.202,0.14764,0.80703,0.40263
0.5,-0.77821,-0.26527,-0.19781,-0.50001,-0.13135
0.5,0.49395,-0.31572,-0.50464,0.40247,0.043863
0.5,-0.3541,-0.19942,-0.66913,1.0576,0.22453
0.5,-0.022561,-0.0071283,-0.0057968,-0.19058,-0.12346
0.5,-0.83348,-0.18933,-0.47466,-1.5095,-0.092184
0.5,-0.19993,-0.10664,0.19294,-0.071175,-0.18236
0.5,-0.65403,-0.15033,0.37909,0.55371,0.45116
0.5,-0.35247,-0.017776,-0.12936,0.92185,-0.1708
0.5,-0.22574,0.12961,0.40561,-0.72039,0.49769
0.5,0.54199,0.10272,0.54342,-0.77061,0.31758
0.5,-0.12552,-0.001825,-0.29036,-0.58019,0.00039078
0.5,0.38205,0.29305,-0.023174,-0.40932,0.42746
0.5,0.98339,0.13179,-0.3671,-0.18294,0.052695
0.5,-0.78765,-0.2089,-0.057239,-0.94654,0.10443
0.5,-0.025365,-0.56281,-0.019647,-0.73071,-0.099227
0.5,0.62301,-0.047611,-0.56416,1.065,-0.16803
0.5,-0.85946,-0.063594,-0.51523,-0.50152,0.36659
0.5,0.25842,0.045701,0.75656,1.4235,0.22707
0.5,0.76981,-0.3118,0.20666,-0.31397,-0.03598
0.5,0.66949,0.24516,-0.47393,1.0037,-0.17435
0.5,-0.296,-0.24713,0.1957,1.0831,0.28184
0.5,-0.67253,-0.026681,0.10384,-0.76633,0.42224
0.5,0.08,-0.14073,-0.28392,0.50552,-0.139
0.5,0.51333,-0.16942,-0.2633,0.5722,-0.031949
0.5,-0.44266,0.24309,0.21363,-0.27063,0.12932
0.5,0.63008,0.092772,-0.3632,-0.1803,-0.085476
0.5,0.49448,0.1014,0.3119,0.9633,0.42705
0.5,-0.083801,0.0022714,0.59575,-0.074402,0.4395
0.5,0.00046292,0.028169,-0.11517,-1.0913,0.22696
0.5,-0.67453,-0.14179,0.25124,-0.66584,0.3706
0.5,0.93633,-0.017855,0.032174,-0.098739,0.26113
0.5,-0.81495,0.35216,-0.19608,-0.36563,0.017816
0.5,0.83208,0.23142,0.44018,-0.35685,0.49458
0.5,-0.77997,0.015339,0.013422,0.23743,0.0374
0.5,0.53254,0.18109,0.31596,-1.0911,0.39144
0.5,-0.020661,-0.020755,-0.048409,-0.43821,0.053456
0.5,0.89819,0.08126,-0.037839,0.41586,-0.13193
0.5,-0.15978,0.053586,-0.14891,-0.025873,-0.064086
0.5,-0.58658,0.022845,-0.16116,0.036123,-0.16806
0.5,0.30989,0.1802,-0.39139,1.0332,0.21939
0.5,0.63421,-0.022755,-0.68313,0.01287,-0.14919
0.5,0.6816,0.054746,-0.15571,1.4844,-0.017447
0.5,-0.44862,0.098221,-0.058597,0.64992,0.49125
0.5,-0.91802,0.16507,-0.29466,0.41882,-0.095007
0.5,-0.10308,-0.096901,0.1662,-0.6176,0.031876
0.5,0.94508,0.20019,0.26306,-0.94317,0.23372
0.5,0.43352,-0.10048,-0.52522,1.1299,0.23073
0.5,-0.016877,0.38132,-0.1777,-0.0042152,0.39614
0.5,0.089443,-0.1598,0.61682,-0.90759,0.29334
0.5,-0.42358,-0.16992,-0.25597,-0.37464,-0.022036
0.5,-0.66831,0.14473,-0.14567,1.0237,0.38334
0.5,0.31335,0.1427,0.025358,-0.1475,0.20291
0.5,0.013056,-0.20213,-0.44387,0.77175,0.047391
0.5,0.90904,0.31993,-0.31122,-0.46381,0.10794
0.5,0.26057,0.01461,-0.0038565,0.38565,0.23635
0.5,0.76717,0.27279,-0.16795,-0.073515,0.23181
0.5,0.69598,-0.005111,0.087493,-0.68969,0.30251
0.5,-0.2945,0.18163,-0.15037,0.44269,-0.082885
0.5,0.51436,-0.1003,-0.030587,0.16855,0.11574
0.5,-0.15139,-0.1898,-0.64832,0.82663,0.48517
0.5,0.78186,0.091888,0.30853,-0.63765,0.083934
0.5,-0.54862,-0.025917,-0.65576,0.37535,0.38769
0.5,0.15103,0.068502,0.092505,0.55834,0.10567
0.5,-0.72401,-0.34089,-0.25258,-0.51703,0.31229
0.5,-0.79903,-0.33586,-0.07149,-0.62097,0.52342
0.5,-0.11792,-0.043542,0.3895,-0.14815,0.04083
0.5,0.35999,-0.087916,0.11756,0.070485,-0.13078
0.5,-0.17947,-0.25886,-0.077464,0.60772,0.35898
0.5,-0.35121,-0.13631,-0.61274,-0.3512,0.10102
0.5,0.95235,0.19482,-0.47753,0.05309,0.45984
0.5,0.3376,-0.068911,-0.31734,-0.58314,0.23711
0.5,-0.49549,0.012019,0.25196,0.43093,-0.099992
0.5,0.33614,-0.020624,-0.47313,0.98277,0.028882
0.5,-0.5918,-0.18839,-0.12517,0.28386,0.03956
0.5,-0.12313,-0.26406,0.54935,1.5933,-0.14151
0.5,0.68977,-0.23309,0.20412,-0.36033,-0.079897
0.5,-0.98422,-0.063784,0.038356,1.1064,-0.085133
0.5,0.18749,0.10292,0.085129,-1.1657,0.036853
0.5,0.87649,0.08192,-0.38158,-0.40423,0.02265
0.5,-0.42604,0.18196,0.28382,-0.52424,0.34022
0.5,0.66093,0.24963,-0.14064,-0.71489,-0.078245
0.5,-0.72649,-0.19838,-0.17253,-0.73458,-0.055657
0.5,0.58902,-0.031783,-0.32653,-1.5931,-0.11024
0.5,-0.67727,-0.11327,-0.29541,0.42963,0.086898
0.5,-0.93154,0.057055,0.27105,0.63294,-0.14344
0.5,-0.49001,0.16501,0.14266,0.94658,0.51178
0.5,0.51766,-0.30693,0.25361,0.16386,0.38009
0.5,0.8323,0.038501,-0.22333,0.60114,0.0081788
0.5,-0.40059,0.23598,-0.003091,0.64956,0.08697
0.5,-0.95873,0.28948,-0.32285,0.33401,0.4038
0.5,0.37145,-0.047896,0.06547,-1.0883,0.43308
0.5,0.95117,0.35279,-0.40014,0.68168,-0.15411
0.5,-0.49387,0.14934,0.061086,0.59764,0.41626
0.5,-0.24979,-0.038168,-0.2052,-0.51934,0.066097
0.5,0.5162,0.20901,-0.38196,0.51678,0.50422
0.5,-0.22826,0.051523,-0.71889,0.9028,0.23587
0.5,-0.27834,-0.225,0.69026,-0.90284,0.36065
0.5,0.58073,-0.036004,-0.17685,-0.30416,0.49296
0.5,0.51848,0.09267,-0.015968,-0.4652,0.028698
0.5,-0.86011,-0.058747,0.40128,0.23164,0.31058
0.5,-0.41612,-0.021707,0.31355,0.24184,0.33056
0.5,0.69343,0.17102,0.33499,-0.36501,-0.027098
0.5,-0.95212,-0.14437,0.019392,0.44606,0.43574
0.5,0.50192,-0.22875,0.2059,-0.62858,-0.12048
0.5,0.29427,0.036759,0.16546,0.17953,-0.12614
0.5,0.25574,0.17128,0.024418,-0.90025,-0.16656
0.5,-0.58615,0.019238,-0.0014418,0.53734,-0.067487
0.5,0.54219,-0.11912,-0.21246,-0.49082,-0.054735
0.5,-0.32891,0.14285,0.81471,0.13982,0.36933
0.5,0.98733,0.036237,0.20061,0.42326,0.000657
0.5,-0.63682,-0.2334,-0.13259,0.70825,0.44801
0.5,0.12564,0.15803,-0.24279,1.1928,-0.059378
0.5,-0.75142,-0.23293,0.10301,0.1518,-0.064938
0.5,0.15119,-0.20553,-0.44402,-0.18024,-0.19322
0.5,0.37525,-0.041832,0.13865,-0.70591,0.099138
0.5,-0.73081,-0.3348,-0.64439,-0.15255,0.25001
0.5,0.041416,0.12181,-0.41882,-0.60169,0.46012
0.5,0.19533,-0.10811,-0.13811,-0.58934,-0.13032
0.5,-0.7106,0.414,0.49282,0.74141,0.46027
0.5,0.8333,-0.19528,-0.044789,-1.277,0.31913
0.5,0.24808,0.020686,0.09141,-1.8933,0.41407
0.5,0.49713,-0.039655,-0.24865,0.75129,0.24608
0.5,0.55452,-0.00070003,0.1998,-0.41214,0.29289
0.5,-0.098095,-0.10343,0.50926,0.35786,0.349
0.5,-0.87944,-0.45493,0.44824,-0.93971,-0.080368
0.5,-0.34302,-0.081448,0.13187,0.50127,0.12331
0.5,-0.94239,-0.34617,0.08114,1.4753,0.40077
0.5,0.12611,0.021583,-0.04956,-0.70266,0.20793
0.5,-0.38415,0.032049,0.31488,-0.060345,-0.18963
0.5,-0.10884,-0.2577,-0.16154,0.24148,0.021061
0.5,0.02521,0.3891,-0.64298,-0.62726,0.21837
0.5,0.77365,-0.056199,-0.15129,0.75443,0.35842
0.5,-0.77829,-0.11276,0.32832,-0.23294,0.06171
0.5,0.40916,-0.020254,0.2631,0.16925,0.26646
0.5,-0.6559,-0.085541,-0.20567,-0.69207,0.21192
0.5,-0.44446,0.048353,0.14279,0.59523,0.46074
0.5,0.43512,0.20311,0.31198,-0.15484,-0.17812
0.5,-0.67238,-0.16395,0.092346,0.061538,0.22418
0.5,0.38947,0.063666,-0.31885,-0.51926,0.11823
0.5,-0.56448,0.14823,-0.28931,0.27255,0.13075
0.5,0.087146,0.15822,-0.036009,0.34733,0.068966
0.5,0.99568,-0.055698,-0.092191,0.48732,0.42236
0.5,-0.45627,0.097012,0.485,0.37575,-0.14681
0.5,0.95103,-0.18537,0.72739,-0.66423,0.050706
0.5,0.43533,0.072452,-0.084251,0.36201,0.25452
0.5,0.52519,-0.023133,-0.20259,0.74195,-0.12255
0.5,-0.31729,0.031332,-0.34515,0.17838,0.22549
0.5,-0.20027,-0.41574,0.073802,-0.32326,-0.12516
0.5,0.71735,-0.15511,-0.019728,-0.74926,0.40441
0.5,-0.79396,0.0074014,-0.30604,0.41725,0.039
0.5,-0.16708,0.021103,-0.49435,0.15185,0.1154
0.5,0.57956,0.027176,-0.14345,-0.59365,0.089187
0.5,0.041696,-0.12061,-0.67742,0.27069,0.43249
0.5,-0.69506,-0.0077608,0.16897,-0.50669,0.51098
0.5,-0.67552,0.18265,0.16501,-1.0981,0.26524
0.5,-0.36283,0.0035671,6.123e-05,-0.40375,-0.053174
0.5,-0.31273,0.03097,0.1143,0.52618,-0.027038
0.5,-0.18139,-0.2046,0.20196,0.37943,0.34306
0.5,-0.22959,-0.24925,-0.69025,0.22083,-0.13695
0.5,0.034385,0.1275,-0.16844,-1.0817,0.34546
0.5,0.86575,-0.26648,-0.51979,0.60038,-0.11953
0.5,-0.93725,0.090338,0.44957,-0.25468,-0.17023
0.5,0.083686,0.18666,-0.099799,0.41489,-0.10742
0.5,0.012706,-0.062817,-0.28849,-0.39549,0.32713
0.5,-0.2143,-0.19938,0.15908,-0.25448,-0.017076
0.5,-0.98147,-0.099131,0.15996,0.46344,0.20849
0.5,0.96055,0.023387,0.28362,1.7108,0.07808
0.5,0.79601,-0.020876,0.23616,0.69724,0.49921
0.5,0.45882,0.16293,0.20287,0.2546,0.50632
0.5,-0.16981,-0.18656,-0.15073,0.1533,0.01022
0.5,-0.90914,0.13468,-0.1057,0.07296,-0.080461
0.5,0.70475,0.25136,-0.46829,0.065106,0.3531
0.5,0.60579,0.25645,-0.018993,-0.3207,0.2612
0.5,0.037627,0.074812,-0.099264,-1.2974,-0.12501
0.5,-0.56935,-0.10139,0.36461,1.1276,-0.02736
0.5,0.90206,0.13196,-0.13286,0.65183,-0.1236
0.5,-0.72289,0.080755,-0.33068,-0.62061,0.41796
0.5,0.28769,-0.3041,-0.38867,-0.43521,0.044766
0.5,-0.18759,-0.03934,0.28681,0.41492,0.23429
0.5,-0.95017,0.055601,0.020181,-0.12654,0.2583
0.5,0.095012,-0.027889,0.37946,0.15906,0.037929
0.5,-0.42022,0.13796,0.039624,-0.31242,0.43441
0.5,0.88407,-0.1959,0.18327,0.88864,-0.071703
0.5,0.52029,-0.10776,0.1962,1.643,0.092055
0.5,-0.95089,-0.21308,-0.51092,1.6648,0.4817
0.5,-0.68457,-0.23904,0.058256,-0.36975,0.31969
0.5,0.16211,-0.043847,0.094876,0.76,0.48949
0.5,0.17255,-0.044255,0.085499,-0.16802,-0.0034134
0.5,0.54809,0.15017,-0.039711,0.20322,-0.17969
0.5,-0.51842,0.085977,-0.042321,0.57156,0.38801
0.5,0.050249,0.067947,-0.50079,0.043264,0.40549
0.5,0.10791,0.12389,-0.075826,-0.53842,0.31971
0.5,-0.32423,0.15479,-0.070665,0.43862,-0.16189
0.5,0.77103,-0.17424,0.40968,0.3539,0.39514
0.5,-0.62384,0.31147,-0.18016,0.019975,0.37934
0.5,0.18057,0.49207,-0.245,-0.29836,0.076515
0.5,-0.72939,0.08117,-0.24191,0.51867,0.32343
0.5,0.45813,-0.041284,0.11047,0.75922,0.48845
0.5,-0.48424,-0.059476,-0.44209,0.72293,-0.15894
0.5,0.19725,0.0086406,0.6626,0.50791,0.030894
0.5,-0.9046,-0.20521,-0.19185,0.1358,-0.11121
0.5,-0.78592,0.20829,0.18021,2.2694,0.087515
0.5,-0.61748,-0.068671,0.58631,0.30442,0.24031
0.5,0.094655,0.12895,-0.10469,0.25002,0.46576
0.5,0.078272,0.053317,0.2708,0.026604,0.21215
0.5,-0.014626,0.22931,0.19832,0.043925,0.084002
0.5,-0.70237,0.012801,0.11759,0.66649,-0.0038803
0.5,-0.35218,-0.071055,-0.086495,-0.91332,0.20039
0.5,-0.92175,-0.17389,0.26111,-1.4765,0.24794
0.5,-0.86023,0.021911,0.1752,0.34825,0.46055
0.5,-0.93049,0.13141,-0.7453,-0.2384,-0.099567
0.5,0.12701,0.046848,-0.19465,0.23493,0.43598
0.5,0.065073,0.043427,0.72395,-0.32572,-0.13438
0.5,0.17349,0.40114,0.16143,0.71238,-0.017315
0.5,-0.50693,0.088652,-0.29129,-0.52993,0.52446
0.5,0.50575,0.13513,-0.22485,0.11985,0.34178
0.5,0.54803,-0.1054,0.24578,-0.18765,-0.10702
0.5,0.090914,0.26938,-0.10615,-0.28479,0.20345
0.5,0.6775,-0.051672,0.15415,0.37497,0.20204
0.5,-0.5787,-0.088302,0.14775,-0.28605,-0.13657
0.5,-0.14649,-0.024893,0.026643,-1.25,0.41726
0.5,-0.75851,0.10169,-0.28764,-0.53358,-0.055501
0.5,0.38339,0.0026023,-0.041126,0.66664,0.36044
0.5,0.77973,-0.30828,0.37011,-0.73669,-0.15048
0.5,-0.69192,0.061688,0.20943,-0.26949,0.50725
0.5,-0.11203,-0.016753,0.056889,0.66255,0.50356
0.5,0.98145,-0.075475,0.5276,-0.58087,0.44965
0.5,0.11836,0.078483,0.63813,-0.40803,0.44354
0.5,0.045583,-0.23033,0.65357,0.91078,0.085147
0.5,0.55798,-0.18021,-0.60996,0.25579,0.04862
0.5,0.77234,0.027989,0.42862,-0.56884,-0.1203
0.5,-0.78298,0.22591,0.26766,-1.2306,0.47041
0.5,0.27182,-0.06447,-0.27431,-0.43377,0.45207
0.5,-0.33228,-0.16078,-0.39493,0.93478,0.23136
0.5,-0.56557,-0.20802,-0.27331,0.46027,0.12946
0.5,-0.99491,-0.12005,-0.02923,0.021255,0.51141
0.5,-0.98679,-0.076328,0.12554,-0.70158,0.41202
0.5,0.0345,0.022083,0.2572,-0.93617,-0.016781
0.5,-0.29893,-0.27426,0.57615,-0.093546,0.24098
0.5,-0.48228,0.15186,-0.32365,0.10455,0.32807
0.5,0.65485,-0.0023493,0.25671,-0.96944,0.25582
0.5,-0.45316,-0.12674,0.50229,0.8442,0.12384
0.5,0.53679,0.083793,0.10322,0.68653,0.41737
0.5,-0.81673,-0.011155,-0.22178,1.2573,0.10613
0.5,0.41021,0.10247,0.14474,0.22248,0.37636
0.5,0.71169,-0.35003,0.19224,-0.25035,0.52103
0.5,-0.16986,-0.076902,-0.17316,-0.68169,-0.090814
0.5,0.97025,0.23228,-0.089763,-0.014944,0.46428
0.5,0.13384,0.027219,0.48022,1.1911,0.062481
0.5,-0.20918,-0.17786,-0.18482,0.38265,0.40406
0.5,0.36756,0.027366,-0.17509,0.94604,0.4905
0.5,-0.60167,0.19269,-0.30147,0.45718,0.30831
0.5,-0.63576,-0.035488,-0.29634,0.53839,0.33947
0.5,0.62346,-0.173,0.12949,-0.1702,0.13317
0.5,0.38937,-0.015257,-0.061839,-0.30092,0.070497
0.5,-0.83639,-0.058583,0.056491,-0.19715,0.28895
0.5,0.32597,0.051407,0.42205,0.97878,0.021964
0.5,0.021592,-0.023223,0.64289,0.042588,0.37219
0.5,-0.66328,0.31419,0.35843,-0.65319,0.50171
0.5,-0.89608,0.14724,0.20024,-0.1882,0.36231
0.5,-0.20453,0.019902,0.57528,-0.24007,0.051574
0.5,-0.8553,-0.12082,0.22115,-0.13067,0.072683
0.5,0.16953,-0.32542,0.71923,0.14195,0.28375
0.5,-0.83401,-0.3054,-0.024527,-0.059217,-0.17729
0.5,0.38363,-0.066931,0.16959,0.22647,0.3534
0.5,-0.78233,-0.053536,0.26366,-0.9824,0.36757
0.5,-0.84221,0.078955,-0.065318,-0.99371,0.038378
0.5,0.892,0.24035,-0.22491,0.15308,0.48364
0.5,-0.029345,-0.15179,0.33892,-0.49561,0.43285
0.5,-0.9431,0.21262,0.13937,-0.20634,-0.095181
0.5,0.25028,-0.0083907,-0.09908,-0.24474,0.34713
0.5,-0.50747,0.39626,-0.25369,0.039287,0.35874
0.5,-0.23135,0.18563,0.083671,-0.51526,0.041229
0.5,-0.40318,-0.012957,-0.56094,0.84062,0.36567
0.5,-0.71315,-0.098268,-0.0057594,-0.54186,-0.16642
0.5,-0.73796,-0.0019538,-0.51763,-0.01232,0.30322
0.5,-0.86542,0.023395,-0.69862,-1.0915,0.019354
0.5,0.60504,0.21129,0.34909,-0.23824,-0.18333
0.5,-0.087599,0.28517,0.10389,-0.39967,0.41943
0.5,0.20235,0.33566,-0.41523,-0.036265,0.33232
0.5,-0.33313,-0.041245,0.18183,-0.016075,0.4456
0.5,-0.56844,0.14388,-0.051865,-0.071812,0.29976
0.5,0.12355,0.0058115,0.020933,0.71984,-0.030146
0.5,0.75089,0.042145,0.25137,1.1315,0.41139
0.5,-0.080092,-0.012546,-0.2814,-1.1631,0.31418
0.5,0.65656,-0.024783,0.041127,0.11784,0.051416
0.5,0.22561,-0.1677,0.086106,0.48126,-0.085818
0.5,0.41343,-0.06626,-0.2953,-1.2225,0.4607
0.5,-0.75489,-0.03388,-0.11753,-0.75992,-0.023833
0.5,-0.4008,-0.11396,0.33405,0.057115,-0.068486
0.5,0.36478,-0.019669,-0.051931,0.67235,0.46292
0.5,0.50563,-0.11748,-0.071859,-0.29006,0.26359
0.5,0.091354,0.29732,0.35047,-0.58156,0.10384
0.5,0.44496,0.10662,0.047932,0.36513,0.46652
0.5,-0.074148,-0.25347,-0.28293,0.03774,0.4535
0.5,-0.91255,0.057447,0.033675,-0.71591,0.25287
0.5,-0.89905,-0.31532,0.44942,0.62636,-0.098665
0.5,0.32401,-0.050066,-0.10397,-0.54682,-0.026654
0.5,0.72717,-0.014398,-0.12423,-0.31638,-0.09753
0.5,-0.017107,0.061739,-0.14292,0.98478,0.066218
0.5,-0.14646,-0.1832,0.26509,0.64336,0.098678
0.5,0.58461,0.16471,-0.59439,-0.30437,0.33349
0.5,-0.21868,0.0472,0.40835,-0.09026,0.12913
0.5,-0.048231,0.056051,0.32436,-0.883,0.46916
0.5,-0.66727,-0.24164,0.034761,0.76438,-0.1397
0.5,0.11363,-0.015537,-0.074051,0.93104,0.36524
0.5,-0.89864,-0.077675,-0.00083385,1.1042,0.086644
0.5,0.36264,0.20385,-0.29513,0.52514,0.42915
0.5,0.88425,0.2365,0.69909,0.4049,0.064367
0.5,0.32465,-0.011435,-0.19471,-0.26204,0.082599
0.5,-0.76952,0.0029186,0.0045147,-1.1903,-0.088227
0.5,-0.69085,-0.22937,-0.028593,-0.67784,0.057151
0.5,-0.41274,0.1336,-0.28967,0.012637,0.44021
0.5,0.85356,0.021748,0.018975,0.051366,0.52568
0.5,0.61609,0.3836,-0.27812,0.22976,0.39589
0.5,0.15043,-0.064548,0.12599,-0.15487,0.29609
0.5,0.12719,-0.27634,0.65447,0.10694,0.40079
0.5,0.10585,-0.051802,-0.29689,0.21524,0.49924
0.5,0.87967,0.16895,-0.61677,1.3179,0.05461
0.5,0.317,-0.31959,-0.34768,-0.61463,-0.06261
0.5,-0.35372,0.24696,-0.37877,-1.6483,0.36865
0.5,-0.92757,-0.048285,-0.16862,-0.76383,0.087238
0.5,0.94421,-0.043359,0.031667,0.64638,0.40637
0.5,-0.072008,-0.29106,0.23528,0.93653,-0.13201
0.5,0.18208,0.023099,-0.28305,-0.44087,0.36138
0.5,0.44128,-0.17065,0.27218,0.50193,-0.096489
0.5,-0.97658,0.11716,-0.4459,0.51229,0.41043
0.5,0.66055,0.57004,0.12981,0.49772,0.26532
0.5,0.25485,0.12473,-0.71128,-0.62637,0.49578
0.5,0.99369,0.044818,-0.15821,0.17256,-0.12127
0.5,-0.88882,0.084272,0.0021773,0.16636,0.50607
0.5,-0.35547,0.032974,-0.38826,0.32083,-0.17839
0.5,0.97016,-0.014218,-0.34707,1.0954,-0.041142
0.5,0.55806,-0.019453,-0.65388,0.27575,-0.034465
0.5,0.44163,0.10573,-0.18205,0.10222,-0.12213
0.5,0.47205,-0.3403,-0.54706,0.63266,-0.18812
0.5,-0.78528,-0.13532,-0.20912,-0.065198,-0.093628
0.5,0.75068,-0.20086,-0.21032,-1.5463,0.22605
0.5,0.73521,0.10852,0.33549,-0.13914,-0.17057
0.5,-0.87734,-0.10715,0.70446,0.12331,-0.079013
0.5,0.55057,-0.20648,-0.11335,0.29585,0.051421
0.5,-0.79825,0.27013,0.16921,0.26859,0.066101
0.5,0.54239,-0.22804,-0.39698,-0.4246,-0.091934
0.5,0.56185,0.12464,-0.56139,-0.53799,0.10934
0.5,-0.9335,0.21409,0.14852,0.45153,0.43405
0.5,-0.19317,-0.20492,-0.90817,-0.86904,0.11621
0.5,-0.60823,0.035143,0.16087,-0.91674,0.30336
0.5,0.19336,0.060604,0.061808,0.26807,0.51652
0.5,0.31235,0.13945,0.18231,0.13445,0.40996
0.5,0.0012098,0.051278,0.04044,-0.33016,0.43274
0.5,-0.48915,0.23904,-0.52514,-0.19932,0.207
0.5,-0.53867,0.12929,0.1787,-0.090921,0.11732
0.5,-0.50186,0.034049,-0.31872,0.36056,0.23547
0.5,-0.14717,0.093386,-0.56827,0.63624,-0.15733
0.5,-0.40237,0.15611,0.06663,-0.95993,0.25685
0.5,-0.84223,-0.10989,-0.18108,-1.147,0.098543
0.5,-0.60259,-0.24782,-0.22683,0.24897,0.2351
0.5,-0.647,-0.015059,-0.39997,-0.23992,0.49071
0.5,-0.83642,-0.18058,-0.029295,-0.099349,0.48532
0.5,0.28097,-0.033785,-0.62567,-0.0033375,0.2381
0.5,-0.54546,0.080123,-0.25865,0.59956,0.37907
0.5,0.89781,0.082638,-0.29241,-1.5954,0.36097
0.5,-0.70332,-0.00033275,-0.064993,-0.084676,-0.049459
0.5,-0.1987,0.23585,0.13076,0.80966,0.36478
0.5,-0.18087,-0.068515,0.22133,0.3677,-0.1734
0.5,0.18926,-0.10895,-0.19918,1.3031,0.42664
0.5,-0.15349,0.15559,-0.1262,0.95367,-0.16712
0.5,0.80669,-0.157,0.27085,-1.0286,0.50006
0.5,-0.98209,-0.032169,0.2676,-0.45007,0.49965
0.5,0.35152,-0.020094,-0.16537,-0.039102,0.056967
0.5,0.87733,0.049523,-0.40839,-0.10309,0.3958
0.5,0.27141,-0.013357,-0.39358,-0.4603,-0.037674
0.5,0.14794,-0.074894,0.17173,-1.3679,-0.1461
0.5,0.019324,0.049271,-0.029812,-0.68443,-0.15934
0.5,-0.2332,-0.10572,0.26141,0.68622,0.47771
0.5,0.73716,-0.1435,0.21415,0.38831,0.20209
0.5,0.22862,-0.02219,-0.078629,-0.59177,-0.17275
0.5,0.40213,0.1864,0.30579,-0.35294,0.20888
0.5,0.91001,-0.073606,-0.12091,0.71154,-0.125
0.5,-0.5433,0.35386,0.032548,0.77405,0.10931
0.5,0.45527,-0.05437,-0.14717,1.0205,0.30366
0.5,-0.60191,-0.18749,-0.15111,-0.074508,0.51308
0.5,-0.117,-0.025305,-0.072322,-0.82267,0.22905
0.5,-0.32202,0.052576,0.25729,0.90656,-0.12733
0.5,0.33799,-0.35646,0.11364,-0.25105,0.11593
0.5,0.96477,-0.12542,-0.18059,-0.58203,0.013329
0.5,0.33948,0.27052,0.50975,-0.18498,-0.11451
0.5,-0.71944,-0.04417,0.11066,-0.29166,0.4634
0.5,-0.078427,-0.10676,-0.14763,-0.37103,0.26657
0.5,-0.95453,0.087878,-0.14743,1.3386,0.019028
0.5,-0.27029,0.093585,0.66731,-0.88312,-0.083127
0.5,-0.33386,0.17308,0.17054,-0.73233,-0.040495
0.5,0.85429,0.033815,-0.23666,-0.22061,-0.00087277
0.5,-0.36359,-0.010393,0.65211,-1.5675,0.23113
0.5,0.26914,-0.16722,0.073435,-0.26648,0.09331
0.5,0.45995,-0.27519,-0.050815,-0.3065,0.50697
0.5,-0.57979,-0.23522,0.0082187,-0.6928,0.28121
0.5,-0.23172,0.17105,0.23936,0.59552,0.32991
0.5,-0.76543,0.071902,0.34264,0.25432,-0.086724
0.5,-0.74192,0.011266,0.10374,0.45973,0.011636
0.5,0.36772,0.073881,0.42932,0.48743,-0.18859
0.5,0.42253,-0.17176,0.068333,-1.0294,0.39225
0.5,-0.19086,0.089368,-0.1316,0.52214,-0.0056244
0.5,-0.98709,0.017472,-0.36531,-0.79446,0.32349
0.5,-0.3055,0.0051106,-0.1276,0.26657,0.45552
0.5,0.14789,-0.33273,-0.12204,2.2113,-0.19507
0.5,0.064903,0.23148,0.12231,0.79613,-0.097833
0.5,-0.54359,-0.051612,0.088242,-0.22379,0.043297
0.5,0.9604,-0.282,0.29052,-0.37816,-0.17398
0.5,-0.52026,0.017557,-0.062112,-0.026959,-0.088729
0.5,-0.066924,-0.10681,0.11957,0.785,0.36559
0.5,0.26719,-0.15101,0.054143,-0.034086,0.0044922
0.5,0.98928,-0.22367,0.080232,1.6546,0.066701
0.5,0.67756,0.2042,0.23739,-1.5147,-0.17083
0.5,-0.00077356,0.1501,0.17054,-0.25522,-0.018879
0.5,-0.60445,0.17463,0.58313,-0.81758,0.086776
0.5,-0.92069,-0.0098732,-0.11646,-1.2021,0.36683
0.5,0.15239,0.084887,-0.010663,-0.76775,0.42884
0.5,-0.53324,-0.043325,-0.73321,-0.40947,0.075382
0.5,-0.13591,0.13733,-0.22659,-0.079347,0.070709
0.5,-0.84155,0.13093,0.68031,0.69584,0.29347
0.5,0.7672,0.090765,0.27643,0.62462,-0.0024036
0.5,-0.060525,-0.017015,0.61613,-0.23539,0.33399
0.5,0.081446,-0.029999,-0.23191,0.78211,0.21579
0.5,-0.76814,-0.47071,-0.26063,0.42298,0.049183
0.5,0.62532,-0.261,-0.12069,0.1218,4.6807e-05
0.5,-0.054618,-0.20896,0.86715,0.43126,-0.17718
0.5,0.25304,0.086226,0.60948,-0.22136,0.20895
0.5,0.14667,0.077228,-0.17026,0.2299,-0.095664
0.5,0.076746,-0.15356,-0.28626,-0.12456,0.35528
0.5,0.22317,-0.33214,0.28287,0.46168,0.33546
0.5,-0.68352,0.021117,-0.11157,-0.72823,0.4006
0.5,0.58103,0.067678,-0.19387,0.58111,-0.051769
0.5,-0.7082,0.24712,-0.067265,-0.26088,0.0054923
0.5,0.23856,-0.4376,0.028378,0.71233,-0.19871
0.5,-0.35351,-0.21233,-0.40764,0.37552,-0.13776
0.5,0.39039,0.23952,-0.41262,0.74142,0.44929
0.5,0.22325,0.31731,-0.42086,0.14641,0.25075
0.5,-0.28276,0.11315,-0.29058,0.90461,0.27077
0.5,-0.68756,-0.050214,-0.26951,-1.0354,0.25002
0.5,-0.48466,0.2257,0.064488,-0.55359,0.37447
0.5,-0.062722,-0.040466,-0.3675,0.26828,-0.032243
0.5,-0.53537,-0.19193,-0.055366,-0.36848,-0.19454
0.5,-0.88843,-0.17844,-0.0062014,-0.30873,0.044661
0.5,0.047838,0.30598,-0.19613,-0.17889,0.029969
0.5,0.8396,-0.14566,-0.048038,-0.55417,0.47576
0.5,-0.088708,0.070775,-0.26827,-0.83105,0.42615
0.5,-0.06134,-0.19378,-0.28801,-0.34414,0.53199
0.5,-0.22051,0.023005,0.22027,0.12835,-0.046944
0.5,0.96889,0.005825,0.035691,0.052975,-0.095984
0.5,-0.88041,-0.040013,-0.29724,0.52304,-0.19436
0.5,0.5741,-0.13884,-0.025122,-0.91193,-0.13262
0.5,-0.23585,0.15335,-0.23774,-1.0313,0.20063
0.5,0.21423,-0.057814,-0.28357,-1.0677,0.22204
0.5,0.099555,-0.25081,0.3504,0.82991,0.36603
0.5,0.072113,0.040937,0.41572,-0.91354,0.061398
0.5,-0.37933,-0.1023,-0.020272,-0.36985,-0.10931
0.5,0.78112,-0.065052,-0.4357,0.19296,0.41889
0.5,-0.61351,0.00467,0.35149,-0.19712,0.035673
0.5,-0.59415,0.1438,0.28036,1.122,0.34459
0.5,0.4682,0.21191,-0.89325,-0.539,0.31394
0.5,-0.68606,0.31836,0.37468,0.25173,0.49445
0.5,0.55796,-0.21172,-0.21887,-0.32857,0.48226
0.5,-0.93628,-0.099034,0.21392,1.0074,0.41272
0.5,-0.15577,-0.27311,0.45681,-0.66603,0.53048
0.5,-0.69161,-0.066566,-0.11357,0.11489,0.058019
0.5,0.015348,-0.12449,-0.027153,0.4005,0.44437
0.5,-0.64947,-0.22126,-0.35908,0.86893,0.3856
0.5,-0.19682,0.027764,-0.37792,-0.038579,-0.012707
0.5,0.87242,0.015448,-0.040055,-0.80695,0.2119
0.5,-0.41726,-0.10956,-0.15484,-0.45922,0.090265
0.5,-0.71212,-0.13913,-0.023418,-0.14399,0.28288
0.5,0.82661,-0.0492,-0.33871,0.29217,0.46665
0.5,0.849,-0.25109,-0.40512,0.17525,0.12814
0.5,-0.64661,-0.03113,-0.39909,0.0034579,-0.02829
0.5,-0.92414,0.022151,0.26554,-0.38905,0.47365
0.5,-0.23162,-0.18601,0.093643,0.071539,0.43069
0.5,0.52205,0.21577,-0.21075,0.43554,0.24551
0.5,0.018167,-0.054554,0.41997,0.13915,0.29587
0.5,-0.0027921,0.17224,0.25724,0.91329,-0.058839
0.5,0.31923,0.14989,0.06279,0.24378,0.23298
0.5,-0.68683,-0.048507,0.10646,0.92175,0.028576
0.5,0.41539,-0.17579,0.32317,-0.39744,0.50085
0.5,0.13242,0.18554,0.20339,0.84157,-0.10843
0.5,0.66889,0.05641,0.068835,0.84867,0.25781
0.5,0.58778,-0.20852,-0.13895,0.5371,0.44765
0.5,-0.94972,-0.10074,-0.15533,0.33029,-0.1797
0.5,-0.10512,-0.42856,-0.6442,-1.0211,0.5148
0.5,-0.40738,-0.14328,-0.13573,0.2068,0.4748
0.5,-0.91522,-0.18063,0.21254,-0.11738,-0.1815
0.5,0.61392,0.36642,-0.10709,0.53836,0.44199
0.5,0.35712,-0.10999,-0.083187,-0.36531,-0.039455
0.5,-0.056066,0.17233,0.042057,0.80052,0.27643
0.5,-0.55605,0.13515,-0.26306,-0.78542,-0.1378
0.5,-0.40079,-0.092964,0.060961,0.30568,0.10478
0.5,0.073938,-0.09902,-0.44132,0.096546,0.27899
0.5,-0.49179,-0.037329,0.10625,0.09924,-0.19492
0.5,-0.49401,0.11736,-0.06917,0.096764,-0.14129
0.5,0.50421,0.024603,-0.12525,0.77189,0.11343
0.5,-0.48186,-0.2082,0.033636,0.2177,0.036788
0.5,-0.9765,0.13046,0.15625,0.36988,-0.18405
0.5,-0.083141,0.17175,-0.20139,-1.2893,0.3001
0.5,-0.55192,-0.16447,-0.04088,-0.0079493,0.37111
0.5,0.71403,-0.21019,0.095605,1.0366,-0.19544
0.5,0.28574,0.15912,0.43185,-0.57272,0.22306
0.5,-0.72412,-0.049662,-0.25556,0.75954,0.5139
0.5,0.58,-0.17318,-0.012107,-0.099107,0.39154
0.5,0.13892,-0.017931,0.026348,-0.94646,0.2193
0.5,-0.75558,0.21445,0.52585,-0.58996,-0.13764
0.5,0.1628,0.0025021,0.20134,0.13152,0.0038068
0.5,-0.43207,0.075276,-0.32253,-0.017812,0.092344
0.5,0.85926,0.064753,-0.22418,0.73665,0.02311
0.5,-0.25773,-0.21442,0.19919,-0.57131,0.33323
0.5,-0.9378,-0.098716,0.32436,0.27003,0.36424
0.5,0.81954,0.099131,0.059102,0.17581,0.42176
0.5,-0.66734,0.10649,0.14918,0.21172,0.52039
0.5,-0.15939,0.14323,-0.21157,1.2699,0.21854
0.5,-0.29734,-0.21599,-0.086157,-0.13911,-0.19434
0.5,0.018788,-0.073779,0.027618,-0.34794,0.39835
0.5,-0.94279,-0.12178,-0.16481,0.28594,0.45432
0.5,-0.55755,-0.011521,-0.11202,-0.39539,0.11181
0.5,0.37479,-0.21582,-0.79973,0.38449,0.39025
0.5,0.37159,-0.23281,0.40804,0.73084,0.27004
0.5,0.016967,0.22968,0.55224,-1.1287,-0.16932
0.5,-0.95382,-0.023402,-0.22699,0.59567,0.05193
0.5,0.42002,0.15682,0.3309,0.99026,0.3872
0.5,-0.80478,0.38762,0.25113,-0.071794,-0.14409
0.5,-0.55688,-0.085554,-0.56647,1.1284,0.4519
0.5,0.067834,-0.014449,-0.45602,-0.58421,0.49522
0.5,0.23875,0.31107,0.29681,-1.416,-0.015363
0.5,-0.13332,-0.33022,0.37483,0.22192,0.47751
0.5,0.084289,0.077572,0.52021,0.21271,-0.091898
0.5,0.81993,-0.071159,-0.41876,-1.1762,0.41055
0.5,-0.85199,0.14119,0.37174,1.471,-0.10268
0.5,-0.64261,-0.096887,0.31809,0.24014,0.20273
0.5,0.55307,0.0522,-0.081613,-0.021402,0.049226
0.5,0.27151,-0.10704,0.019866,-0.27704,-0.078221
0.5,-0.71579,0.072856,-0.26525,-0.24791,0.34624
0.5,0.25213,-0.018631,-0.40699,0.30375,0.31495
0.5,-0.81285,0.008023,0.18497,0.36787,0.27993
0.5,0.55048,0.39743,0.25689,1.6248,0.009693
0.5,0.58274,0.23365,0.10356,-0.042655,-0.00026974
0.5,-0.44276,-0.0042362,0.072938,0.084387,0.40013
0.5,0.14877,0.086192,-0.12302,-0.75951,0.48383
0.5,0.8532,-0.084156,-0.38937,1.4383,0.3461
0.5,-0.31761,-0.038538,-0.009063,-0.91365,0.059897
0.5,0.1375,-0.10657,0.10578,-0.18907,-0.004744
0.5,0.48946,0.076584,-0.060754,-0.19842,-0.057921
0.5,0.62849,0.084338,-0.10556,-0.61539,0.39234
0.5,0.81072,0.0049906,-0.43469,0.24257,0.24346
0.5,0.76779,-0.020996,-0.39948,0.028443,0.41642
0.5,0.588,-0.023355,0.28996,1.0747,-0.16996
0.5,0.92923,-0.014359,-0.33678,-0.57732,0.48092
0.5,0.92539,0.27632,0.41694,-0.70306,-0.047426
0.5,-0.42028,0.4424,0.073401,1.23,-0.016597
0.5,0.76545,-0.13242,0.45392,0.46891,-0.12771
0.5,-0.72008,0.091408,-0.73683,0.2355,0.12314
0.5,0.5718,0.36249,-0.038415,-0.85847,-0.093476
0.5,-0.87471,-0.15678,-0.33629,-0.20509,0.013196
0.5,-0.99959,0.17679,0.2786,-0.1606,0.2206
0.5,-0.38789,0.08799,0.55994,0.14507,-0.011118
0.5,-0.5293,0.027059,0.25103,0.15862,0.077291
0.5,-0.071371,0.18353,-0.082642,-0.33041,-0.077557
0.5,-0.45989,-0.24068,-0.27558,-0.15839,0.46865
0.5,-0.87204,-0.12982,-0.68742,0.66878,0.40839
0.5,0.66137,0.071647,0.63822,-0.74502,0.11012
0.5,0.78712,0.033425,0.40752,-0.38158,0.21712
0.5,-0.82575,0.13837,-0.095698,0.63767,-0.15849
0.5,0.54876,-0.30774,0.063088,-0.1044,0.24729
0.5,0.60866,-0.20127,-0.33718,-0.22129,0.2111
0.5,0.89112,-0.26735,-0.2567,-1.6088,0.43331
0.5,-0.66081,-0.28991,0.099249,-0.8342,0.026085
0.5,0.81919,0.038246,0.41344,-0.67376,0.22148
0.5,0.78384,0.21299,0.086352,-0.61509,0.51344
0.5,0.41472,-0.32688,0.56722,0.35866,0.24236
0.5,-0.09739,-0.21878,0.14523,0.11135,0.098913
0.5,-0.99869,0.011633,-0.32645,-0.608,0.41245
0.5,-0.90465,0.015575,-0.32444,0.32435,-0.010215
0.5,-0.57324,0.20824,0.18036,0.35944,0.24998
0.5,-0.048122,0.32128,-0.47342,-1.2541,0.12981
0.5,-0.90402,-0.040096,0.08185,-1.7504,-0.11465
0.5,0.39348,-0.097659,-0.27665,-0.76775,-0.13639
0.5,0.60666,-0.025405,0.62153,-0.32974,0.35397
0.5,-0.061694,0.089952,0.012656,0.33688,-0.12022
0.5,-0.2041,-0.040705,0.10027,1.2784,0.38244
0.5,0.19245,-0.0043398,-0.639,-0.24639,-0.18385
0.5,0.21953,-0.12536,-0.27625,-0.13083,-0.1167
0.5,-0.71744,-0.16134,-0.29872,0.34132,0.20563
0.5,0.53587,-0.085774,0.24916,0.80704,-0.044195
0.5,0.58389,0.052441,0.40357,0.35532,0.43297
0.5,-0.92384,0.035837,-0.053363,-0.80403,-0.025496
0.5,0.50471,-0.13722,0.102,0.85587,0.30718
0.5,-0.22976,0.13805,-0.042638,0.64473,-0.098956
0.5,-0.16391,-0.20914,-0.014931,0.54463,-0.071481
0.5,-0.26933,-0.00046911,-0.1968,-0.37491,0.017753
0.5,-0.36326,-0.2728,-0.34404,0.46227,0.04594
0.5,-0.10068,-0.011156,0.10601,-0.72821,0.24763
0.5,-0.98299,0.36702,0.17177,-0.40993,0.11832
0.5,-0.20839,-0.15437,0.24334,-0.48579,-0.094208
0.5,0.028385,-0.017796,0.1163,-0.93043,0.30903
0.5,0.65168,0.1423,0.30721,-0.49211,0.058553
0.5,-0.50327,-0.033411,-0.17362,-0.86429,0.36051
0.5,-0.98401,-0.097628,-0.12728,-0.45642,0.0010801
0.5,-0.44202,0.22801,-0.018222,1.2566,0.11637
0.5,-0.90174,0.025132,0.0024459,-0.23341,0.25296
0.5,-0.85735,0.40313,0.01949,-0.66356,-0.0030508
0.5,-0.81965,0.32128,-0.45343,0.49653,0.47657
0.5,0.23822,-0.1649,-0.22721,-0.17743,0.20946
0.5,0.35555,0.09927,-0.019244,-0.85615,0.11167
0.5,-0.38879,0.25615,-0.3695,-0.26359,0.32676
0.5,0.84497,0.060902,-0.48635,0.36614,0.32966
0.5,-0.97788,-0.016352,-0.032931,-0.31344,0.5263
0.5,-0.64793,-0.094984,0.13316,0.63353,0.20375
0.5,0.60198,-0.21056,0.22093,0.89851,0.35122
0.5,0.70445,-0.18142,-0.50225,-0.81581,0.04746
0.5,0.62522,0.079786,-0.099507,-0.67397,-0.13083
0.5,0.65659,-0.08444,-0.062611,-1.0478,0.37845
0.5,0.96467,-0.10401,-0.35238,-0.30866,0.41579
0.5,-0.37826,-0.015215,0.11553,-0.50163,-0.015178
0.5,-0.5407,-0.11147,0.55193,0.96222,0.24175
0.5,-0.017121,0.0035816,0.030089,-0.18504,0.29949
0.5,0.41106,0.28031,0.31673,1.0191,0.44538
0.5,-0.15047,-0.018913,0.48097,0.78554,0.47507
0.5,-0.71536,0.16538,-0.17259,1.0066,0.12995
0.5,0.064375,-0.35313,0.65934,-0.40726,-0.044729
0.5,0.8353,-0.24881,-0.30795,-0.075275,0.26737
0.5,-0.78313,0.082757,0.0098278,-0.22181,-0.054516
0.5,-0.54522,0.1096,-0.40338,0.53928,-0.070663
0.5,0.8238,-0.15612,-0.24956,-0.11203,0.24603
0.5,-0.94599,0.16875,-0.027142,-0.26451,0.020826
0.5,0.39693,-0.12551,0.17074,-0.060543,-0.075847
0.5,-0.6577,-0.033145,0.54255,-0.58954,0.41329
0.5,0.1684,0.096944,-0.18994,0.41933,0.23929
0.5,0.72825,-0.0096385,0.49832,0.29434,0.23289
0.5,0.66439,-0.19496,-0.20012,0.66925,0.40764
0.5,-0.24757,0.27783,-0.20982,-0.12865,0.097602
0.5,0.24225,0.40752,0.22036,-0.56185,0.2636
0.5,-0.40809,0.073734,0.50961,1.5876,0.35295
0.5,-0.037762,-0.34586,0.084348,0.84753,-0.026169
0.5,0.03482,0.1576,-0.44094,0.26855,-0.034452
0.5,-0.68114,0.12468,0.054343,1.0527,0.23867
0.5,-0.025851,-0.040967,0.51566,1.0708,-0.016417
0.5,0.68381,-0.24898,0.096064,0.44427,0.11461
0.5,0.32735,-0.13559,0.39981,0.13072,0.20876
0.5,-0.20922,-0.10788,0.030505,0.13469,0.13134
0.5,-0.72944,-0.078221,-0.44668,0.3182,0.42172
0.5,-0.20078,-0.13526,0.25936,0.12673,0.032978
0.5,-0.57771,-0.056586,-0.02458,1.188,0.23775
0.5,-0.3655,-0.14955,-0.5388,1.1106,-0.1487
0.5,0.66619,-0.402,0.47266,1.0852,0.04186
0.5,0.084634,-0.25133,0.12974,0.59937,0.25188
0.5,-0.68063,-0.25031,0.069132,-0.44343,0.041132
0.5,-0.73371,0.21082,0.18061,0.15635,-0.073863
0.5,0.51006,0.035552,0.53731,-0.25748,-0.19919
0.5,0.27074,0.076109,0.43197,0.094755,0.45605
0.5,0.39827,0.22069,-0.0075051,-0.57428,-0.012404
0.5,0.94589,0.13768,-0.19946,0.69724,-0.18112
0.5,-0.17305,0.02833,-0.4005,0.33563,0.30481
0.5,-0.53034,-0.0045735,0.23681,0.14928,-0.13786
0.5,-0.6785,-0.12006,0.35875,-1.0118,0.38146
0.5,-0.72626,0.073934,0.29932,-0.88513,0.081623
0.5,-0.74473,-0.020805,-0.15406,-0.092614,0.049963
0.5,0.20814,-0.14547,-0.26271,-0.15998,-0.10562
0.5,0.93041,-0.26662,0.0071141,1.1145,0.50744
0.5,-0.64578,0.20155,0.16225,0.22368,0.03953
0.5,-0.88573,0.099413,0.26674,1.4184,0.011446
0.5,0.39817,0.079229,0.62763,0.35392,0.34532
0.5,-0.77072,-0.016227,0.36666,-0.4085,0.064616
0.5,-0.47128,-0.038312,-0.37093,0.81477,0.37034
0.5,-0.97019,0.14662,-0.36759,0.093509,0.32493
0.5,-0.83169,0.082386,0.11815,0.089624,-0.14158
0.5,-0.2316,-0.18873,0.31482,0.72699,-0.049653
0.5,0.76993,0.084164,-0.43141,-0.22648,0.04592
0.5,0.8665,0.32943,-0.43746,0.60592,0.41025
0.5,-0.62827,0.066705,-0.44581,-0.44159,0.44995
0.5,0.0051761,-0.058581,-0.5563,0.21656,-0.076938
0.5,-0.73223,-0.11455,-0.031348,0.18467,0.032112
0.5,-0.32123,0.16091,0.03979,-0.81024,0.20003
0.5,0.16652,0.28674,-0.21279,0.66303,0.096532
0.5,-0.57507,-0.11266,-0.50477,0.013565,0.091942
0.5,-0.27318,0.13625,0.13557,-0.52448,0.2597
0.5,0.61895,-0.081111,0.031949,-0.066605,-0.018789
0.5,-0.92549,-0.11312,-0.42083,0.34201,-0.1706
0.5,0.94951,0.052687,-0.43819,1.561,0.51101
0.5,0.64691,-0.16773,-0.61714,-0.70368,-0.12517
0.5,-0.39703,-0.00035624,0.35368,0.64276,0.32215
0.5,0.15051,0.036025,0.37981,-0.27643,0.29759
0.5,-0.018314,-0.45671,-0.00018823,-1.0962,0.51119
0.5,-0.19428,-0.086633,0.19014,-0.041999,0.040177
0.5,-0.99538,0.1379,0.0030335,1.026,0.38058
0.5,-0.35052,-0.010466,0.014446,0.35016,0.48142
0.5,-0.27806,0.022457,0.0031424,0.32867,0.094681
0.5,0.41643,0.28023,0.33962,-0.23779,0.44071
0.5,0.88295,0.080903,-0.13008,0.92591,-0.15729
0.5,-0.50021,0.21292,-0.17683,-0.77086,0.3492
0.5,0.16553,0.12814,0.12062,0.14589,0.49915
0.5,0.52371,0.0097799,-0.15038,0.26898,-0.1774
0.5,0.9312,-0.18533,0.032814,1.2208,0.45748
0.5,0.4825,-0.20873,0.2824,-0.37725,0.48084
0.5,-0.99028,0.24644,0.010614,-0.14286,0.13128
0.5,-0.4475,-0.069906,0.11238,-0.057475,0.31479
0.5,-0.7633,-0.077737,0.37079,-0.73343,0.35641
0.5,-0.73487,0.081524,0.37865,-0.26488,-0.062963
0.5,-0.23768,0.017359,-0.74441,-0.43502,0.31445
0.5,0.44199,-0.071856,-0.01948,-1.4544,-0.013841
0.5,0.14904,0.27748,0.026526,-0.13532,0.46287
0.5,0.82873,-0.31488,-0.26795,0.092677,-0.13368
0.5,0.33647,-0.0935,-0.19243,0.79995,0.37326
0.5,-0.12812,-0.15767,-0.42128,0.021973,-0.14718
0.5,0.97646,0.077728,-0.51797,-0.63011,0.088063
0.5,-0.53344,0.33666,-0.10674,-0.22966,0.11833
0.5,-0.54663,0.3144,-0.46403,-0.036616,0.20465
0.5,-0.16248,-0.044383,0.49759,-0.3441,0.43854
0.5,-0.60784,-0.079304,-0.22926,-0.072749,0.46371
0.5,-0.72371,0.20756,-0.44548,-0.64239,0.10032
0.5,-0.48534,-0.2647,0.27479,1.2015,0.010957
0.5,-0.42648,-0.037762,-0.64926,-0.6492,-0.048582
0.5,-0.17597,-0.022841,-0.24694,-0.91388,-0.039606
0.5,-0.59001,-0.036344,-0.070081,-0.26602,-0.015669
0.5,-0.32095,-0.24762,0.42743,0.1188,0.060896
0.5,0.0068497,-0.15613,0.20146,-0.24178,0.0014537
0.5,0.84151,0.15908,0.074184,-0.033903,0.50734
0.5,0.84929,-0.079071,0.14464,0.079397,-0.10487
0.5,-0.14177,-0.095852,0.25576,-1.8764,-0.12761
0.5,-0.18067,-0.1428,0.20827,-0.65003,-0.12524
0.5,0.99187,-0.16731,0.30736,-0.75896,-0.14132
0.5,0.92544,0.041311,0.15058,0.54651,0.35357
0.5,0.63948,-0.039598,-0.21573,0.8728,0.44131
0.5,0.31728,0.011965,-0.48471,0.58264,0.36432
0.5,-0.97019,0.12699,-0.97893,-0.38911,0.035491
0.5,-0.22957,0.37845,-0.10272,-0.65169,0.28169
0.5,-0.20911,-0.28766,0.32291,0.74532,0.026404
0.5,-0.8285,-0.17904,-0.27048,-0.26841,-0.017304
0.5,0.99327,0.47121,-0.11005,0.37448,-0.04571
0.5,-0.19599,0.41491,0.32794,-0.41373,-0.075614
0.5,-0.14322,-0.11545,-0.0069019,-0.44804,0.017167
0.5,0.81209,0.087492,-0.79329,-1.1103,0.46702
0.5,0.93724,-0.15869,-0.48612,-0.050783,0.20454
0.5,0.45724,0.22539,0.060926,-0.23486,-0.12909
0.5,0.028962,0.072961,-0.52744,-0.40281,-0.11911
0.5,0.011552,0.10497,0.14616,0.38644,0.31552
0.5,0.70675,0.037984,-0.21043,-0.88954,0.50849
0.5,-0.17727,0.095045,0.26291,0.0050007,-0.078641
0.5,0.14293,0.047525,-0.56274,0.35454,0.097344
0.5,-0.49453,0.035892,0.037829,-0.20272,-0.045964
0.5,-0.90185,0.27873,-0.096668,-0.73432,-0.14372
0.5,-0.22225,-0.28979,-0.03148,-0.38922,0.31032
0.5,0.22785,-0.1581,0.013685,-0.38895,0.010074
0.5,0.72999,0.28006,0.096948,-0.55293,-0.083563
0.5,0.11103,-0.016158,-0.36944,-0.42091,-0.043594
0.5,-0.50727,0.030391,-0.33834,0.96328,-0.13162
0.5,0.26195,-0.17084,-0.30543,0.027393,0.47439
0.5,0.0045204,0.42879,-0.17148,-0.45459,0.49085
0.5,-0.73107,0.21417,0.49476,0.29078,-0.13412
0.5,-0.56948,0.0029564,0.30739,0.8704,-0.14816
0.5,-0.61856,0.024812,0.23562,-0.06974,-0.1502
0.5,0.11889,-0.33263,-0.0084159,0.55903,0.10203
0.5,0.51591,0.15224,0.05372,0.21249,0.4635
0.5,0.3246,0.068314,-0.23974,-1.0605,-0.039858
0.5,0.42156,-0.090526,0.26449,0.42455,-0.064645
0.5,0.090334,0.078304,0.57739,0.12376,0.28984
0.5,0.12044,0.14103,0.15505,-0.41193,0.44294
0.5,-0.3489,-0.3708,0.17252,0.41025,0.33803
0.5,0.9327,0.014715,-0.41974,-0.38916,-0.14977
0.5,-0.77316,0.047566,0.26295,0.76225,0.091218
0.5,0.33966,0.16897,-0.2886,1.114,0.20039
0.5,0.76368,0.030432,0.043574,0.084905,0.30131
0.5,0.47545,-0.16728,0.057438,0.5043,0.22487
0.5,0.87618,-0.075371,0.15237,0.57244,-0.031763
0.5,-0.067713,0.043703,0.17589,-0.20643,0.072438
0.5,-0.44276,-0.078099,0.021544,0.42783,-0.045926
0.5,-0.043059,0.08358,0.034018,0.1019,0.21362
0.5,0.77119,0.17755,0.50821,-0.55156,0.1035
0.5,0.4899,0.32663,-0.44057,0.0838,0.22329
0.5,-0.32056,0.18895,0.069768,-0.2143,0.39467
0.5,-0.87352,0.047519,-0.078842,0.082726,-0.018692
0.5,0.27517,-0.23596,-0.40028,-0.3139,-0.12074
0.5,0.87406,0.36485,-0.29847,0.64941,0.10395
0.5,0.54161,0.073515,0.9264,-0.8904,0.11144
0.5,0.79558,0.44381,-0.45552,0.30658,0.00023113
0.5,0.41349,0.54399,0.20639,-0.14076,0.25593
0.5,-0.79194,-0.20624,-0.025726,-0.038698,-0.044946
0.5,-0.34384,0.2343,0.38715,0.47534,-0.02464
0.5,0.13002,0.23284,0.65914,0.60705,0.51193
0.5,-0.54921,-0.13531,0.17276,-0.58024,-0.028598
0.5,0.096635,0.0067019,-0.0021015,0.1342,-0.12601
0.5,-0.65283,0.060871,0.23326,0.88264,0.37987
0.5,0.3962,-0.16334,0.70646,-1.0235,0.26133
0.5,0.61319,0.12879,0.0092747,1.057,0.28739
0.5,-0.69898,-0.18266,0.034022,0.55121,0.26578
0.5,0.37966,-0.14429,-0.35421,-0.65262,-0.14885
0.5,0.38834,0.024378,0.11366,-0.40104,0.21272
0.5,-0.15591,0.17683,-0.39436,0.77275,0.37958
0.5,-0.40165,0.059949,0.45025,0.4635,0.26187
0.5,-0.70858,-0.25983,0.010607,-0.46998,0.53301
0.5,-0.056369,-0.10975,-0.1426,0.51421,-0.17309
0.5,-0.39638,0.10409,0.25842,0.31449,-0.10433
0.5,0.26118,0.066332,-0.80427,-1.3215,0.52877
0.5,-0.89083,-0.2364,-0.3391,0.30193,-0.035827
0.5,-0.97079,0.25413,0.17951,-0.87071,0.00047772
0.5,0.82316,-0.16129,-0.18074,0.3823,-0.09219
0.5,-0.38318,-0.07369,0.49435,-0.4223,0.011806
0.5,-0.10708,-0.0035397,-0.10511,0.24791,0.50867
0.5,-0.21652,0.54969,0.11059,0.50946,0.22119
0.5,-0.52248,0.022504,0.1009,0.2917,-0.089686
0.5,0.82355,0.053069,-0.015978,-0.22385,0.042465
0.5,0.41837,-0.081211,0.58071,1.3954,0.40227
0.5,-0.73847,0.1228,-0.10803,0.60248,0.23464
0.5,0.4801,-0.077611,-0.46042,-0.70687,0.1074
0.5,0.68533,0.14593,-0.31926,-0.68131,0.2506
0.5,-0.98111,-0.022694,-0.10696,0.016415,0.44976
0.5,0.78368,-0.15803,0.19373,0.57136,0.41106
0.5,0.34731,-0.16219,-0.28437,0.74029,-0.15298
0.5,0.76096,0.21284,-0.067843,0.42798,0.47401
0.5,0.11773,-0.021301,-0.10668,0.48094,0.41661
0.5,0.50542,0.22682,-0.30826,0.29839,-0.1872
0.5,-0.60651,0.30494,0.47246,0.43291,0.12158
0.5,0.91272,0.020687,0.10537,-0.36933,0.33539
0.5,-0.95708,0.0054303,-0.37512,-0.042299,0.042468
0.5,-0.82803,0.098868,-0.017513,-0.58054,0.12691
0.5,0.12602,-0.034731,0.23865,-0.50491,-0.14783
0.5,-0.94376,-0.087877,-0.35595,0.42262,0.20452
0.5,0.17514,0.079552,0.45805,-0.80501,-0.15951
0.5,0.74455,-0.38524,0.020974,0.13806,-0.058515
0.5,0.79983,-0.22552,-0.21274,1.1245,-0.056351
0.5,0.19989,0.11842,-0.57169,0.22184,0.083516
0.5,0.81541,0.063834,-0.0042762,-0.15842,0.34031
0.5,0.47753,0.30466,-1.1586,-0.6582,0.44814
0.5,0.37745,0.097026,-0.23387,-0.18343,0.09503
0.5,0.51051,0.025928,-0.35669,1.2035,0.48266
0.5,0.57893,0.24994,0.42129,0.36094,0.33711
0.5,0.62458,-0.070649,0.5607,-0.096153,0.30508
0.5,0.30988,0.057801,-0.56948,0.27634,0.11677
0.5,0.10764,0.10879,-0.17697,1.3157,-0.065792
0.5,0.024433,-0.19201,-0.52076,0.58629,0.24352
0.5,0.058252,0.22221,0.093513,-0.93826,0.0076177
0.5,-0.99791,-0.0084508,-0.26257,-0.70449,-0.079488
0.5,-0.36503,-0.071953,-0.49246,-0.51262,-0.13569
0.5,-0.24247,-0.0062349,0.42833,0.041146,-0.13036
0.5,0.76491,0.18918,-0.28643,-0.40076,0.32261
0.5,0.92673,0.15112,-0.25913,0.14696,0.07532
0.5,-0.48849,0.092637,-0.0052324,0.72481,0.47916
0.5,0.81225,0.0061692,0.39465,-0.71439,0.32823
0.5,-0.25538,-0.19978,0.12027,0.68242,0.04651
0.5,-0.20081,0.077509,-0.15691,0.25198,0.0097869
0.5,0.79551,-0.15735,0.081737,-0.68804,0.51568
0.5,0.87526,0.2497,-0.38492,0.40331,0.48792
0.5,0.82907,0.022771,0.26989,0.010709,0.087955
0.5,-0.63508,0.1033,-0.49011,1.2391,0.48326
0.5,-0.70829,0.12494,0.10298,-1.0377,0.073825
0.5,0.71843,-0.090055,-0.33979,0.39784,0.081565
0.5,-0.1293,0.11921,0.41485,0.46303,0.27618
0.5,0.94835,0.010618,0.40595,0.40755,-0.18825
0.5,0.68187,-0.15371,-0.16798,-0.52713,0.12812
0.5,-0.21154,-0.17137,0.03795,0.68472,0.041733
0.5,-0.49355,0.0068632,-0.67566,-0.48679,0.44759
0.5,-0.10436,-0.27704,0.055578,-0.52976,0.22144
0.5,-0.18748,-0.01656,-0.10696,-0.776,0.37362
0.5,0.79005,-0.0063707,-0.62921,0.20606,-0.083159
0.5,-0.49178,0.12666,-0.022361,-0.20289,0.12872
0.5,-0.49953,-0.02514,0.0031826,1.074,0.42399
0.5,0.39889,-0.024552,-0.3636,1.2996,0.51828
0.5,-0.038246,-0.027701,-0.47528,-0.32197,0.48397
0.5,-0.78974,0.14238,0.26251,-0.6261,0.487
0.5,-0.035872,0.27454,0.41028,0.52441,0.50878
0.5,0.70728,0.1214,-0.081284,-0.10503,0.45092
0.5,-0.081298,0.16925,0.21257,-1.1349,-0.044114
0.5,0.93227,0.13964,0.45994,1.1673,0.46653
0.5,-0.4969,-0.09098,0.19089,-0.27326,0.31093
0.5,0.93059,0.091469,0.03871,-0.1047,0.4608
0.5,0.025575,0.15748,-0.49106,-0.55824,-0.089601
0.5,0.79385,0.14012,-0.068586,-0.33007,-0.0022539
0.5,0.55133,0.20951,0.25081,0.13144,0.26664
0.5,0.65299,0.15202,0.005546,0.17297,-0.14463
0.5,-0.15105,0.16939,0.15439,-0.67901,0.35639
0.5,0.32784,-0.071112,-0.025125,0.35448,0.2708
0.5,0.6228,-0.13329,0.14309,-1.3826,-0.17808
0.5,0.61955,0.12442,0.1482,-0.73692,0.40418
0.5,-0.97507,0.001338,-0.14998,-0.2386,0.46365
0.5,-0.79828,0.11605,0.031305,0.24499,-0.11496
0.5,0.72652,0.18301,-0.09268,0.48896,0.030982
0.5,-0.89731,0.041854,0.094973,-0.19151,0.10553
0.5,-0.98161,0.065895,0.7241,-0.076303,0.12873
0.5,-0.63668,-0.19148,-0.29468,-0.1294,-0.13392
0.5,-0.85706,0.18484,0.13407,-0.45394,0.31976
0.5,0.41731,-0.13701,-0.12517,0.4504,-0.10148
0.5,-0.62651,-0.059476,0.14928,0.030152,0.2925
0.5,0.60573,0.2629,0.27416,0.42561,0.34788
0.5,0.024675,0.066705,-0.046002,-0.4872,-0.1694
0.5,0.49339,-0.26223,0.45432,-0.22179,0.2738
0.5,0.099374,0.2589,-0.024819,0.23088,0.45904
0.5,-0.98249,0.030388,-0.074134,0.58587,-0.0080995
0.5,-0.40108,-0.024086,0.15585,-0.028442,-0.016262
0.5,-0.7514,0.12552,0.097087,-0.86275,0.52283
0.5,0.24513,0.006288,0.95454,0.34652,0.32369
0.5,0.20847,0.22138,0.38726,0.056612,0.075894
0.5,0.36637,0.063163,0.45152,-0.14938,-0.026676
0.5,-0.87559,0.11374,-0.45399,-1.1838,-0.14284
0.5,0.85052,-0.23681,-0.13604,0.1618,0.39065
0.5,0.28534,0.02019,-0.40934,0.54442,-0.011014
0.5,0.58537,-0.16546,0.97074,0.50746,-0.18928
0.5,0.10842,-0.066892,-0.71273,0.28534,0.29595
0.5,-0.24076,-0.021109,-0.14975,0.0026129,0.36434
0.5,0.69796,-0.21458,0.45311,-0.51169,0.01827
0.5,0.93737,-0.089422,-0.54813,0.91232,0.49462
0.5,-0.84406,0.25992,-0.23258,-0.59724,0.10511
0.5,0.3393,0.12668,0.28288,-0.52729,0.11784
0.5,-0.13578,0.17742,0.10937,0.81546,0.50158
0.5,0.24208,0.097628,0.37047,0.04017,0.37747
0.5,0.17256,-0.080222,0.34018,-0.18476,0.12939
0.5,-0.71188,0.083348,0.28305,-0.22789,0.065583
0.5,0.46245,0.33097,0.099084,-0.25934,0.28621
0.5,-0.24219,-0.31998,0.13761,-0.33323,0.12488
0.5,-0.34966,-0.038093,-0.27869,0.33446,0.098414
0.5,-0.96392,-0.16997,-0.35491,-0.56784,0.29792
0.5,0.19821,0.042211,-0.51023,0.51503,0.41477
0.5,-0.33087,-0.048713,0.13052,-0.68069,0.49783
0.5,-0.50876,0.25842,-0.0050792,0.27786,0.030599
0.5,0.71519,-0.078131,0.10359,0.64722,-0.13428
0.5,0.46271,0.11853,0.66415,-0.061204,-0.062153
0.5,-0.23938,-0.010926,0.53147,0.32171,-0.037455
0.5,-0.074924,-0.066097,0.18719,-0.74688,-0.04161
0.5,-0.74504,0.095511,-0.12239,-0.48312,-0.16525
0.5,0.2209,-0.076963,-0.49464,0.16382,0.27423
0.5,0.23485,0.14274,0.31172,0.053064,0.077137
0.5,0.069994,0.089062,0.59333,0.26248,-0.17886
0.5,0.88976,0.038784,-0.23571,-0.42349,-0.15385
0.5,-0.0070671,0.079071,0.078896,-1.2811,-0.026491
0.5,0.48052,0.24184,0.33107,0.052346,-0.045885
0.5,0.48977,-0.10302,0.088507,-0.91375,0.50005
0.5,0.99789,-0.22889,0.21591,0.11888,0.47701
0.5,-0.026989,-0.074868,-0.3825,-0.71911,0.40033
0.5,-0.1988,-0.14598,0.54509,0.48615,-0.043404
0.5,-0.77446,0.068894,-0.29407,-0.10446,0.49339
0.5,-0.89236,0.40527,-0.56035,-0.68079,0.30501
0.5,-0.28521,-0.1481,-0.59341,-0.50392,-0.15912
0.5,0.26036,0.048066,0.58631,1.5151,0.46159
0.5,0.086888,-0.044666,-0.57749,0.34832,0.27442
0.5,-0.84691,-0.022899,0.36769,0.03646,-0.14831
0.5,0.89297,0.16573,0.33889,-0.58146,0.52834
0.5,-0.98148,0.18419,-0.16764,1.0413,0.36452
0.5,0.27264,0.21222,-0.34099,0.17815,0.50681
0.5,0.86949,-0.063614,0.62667,0.49409,0.2795
0.5,0.022346,0.16514,0.36167,-0.6324,0.086533
0.5,0.54134,-0.21088,-0.086897,-0.52665,-0.14718
0.5,0.096607,-0.21916,0.14109,0.0244,-0.11287
0.5,-0.53124,0.20401,-0.28138,1.0372,0.12663
0.5,-0.26502,0.069203,-0.035864,0.10877,0.038851
0.5,-0.19668,0.12045,-0.015406,0.44716,-0.10834
0.5,0.53913,0.044159,-0.16239,-0.89082,0.47249
0.5,-0.5845,-0.13046,-0.10612,-0.24053,-0.080597
0.5,-0.48269,-0.14137,0.090734,1.1912,0.53137
0.5,0.82256,-0.10075,0.03579,0.42911,0.41004
0.5,0.33415,0.28065,-0.049177,0.24083,0.41478
0.5,0.53497,0.20616,-0.32575,0.10025,0.31674
0.5,-0.71295,-0.014102,-0.051819,-0.30197,0.31694
0.5,0.038905,0.24568,0.019279,1.1104,0.46563
0.5,-0.53816,-0.10167,0.086606,-0.17735,0.12697
0.5,-0.25496,-0.21111,0.20828,-0.91685,-0.091861
0.5,0.87036,-0.15556,0.31095,-0.067599,-0.15156
0.5,0.1962,0.12219,-0.0014649,0.40061,0.25072
0.5,-0.68074,-0.096264,-0.15162,-0.69398,0.39768
0.5,-0.097764,0.01315,-0.05893,0.97215,0.010217
0.5,-0.36158,0.074793,-0.2501,-0.54417,-0.1428
0.5,-0.30159,0.013408,0.018515,-0.10122,0.50264
0.5,0.5436,0.26507,-0.23681,-0.87077,0.46116
0.5,0.37352,0.0084066,-0.18219,0.67488,-0.18829
0.5,-0.55657,0.2699,0.46131,0.12865,0.31501
0.5,0.94947,0.22019,-0.0050623,-0.093632,0.30061
0.5,-0.59448,0.10854,0.045412,-0.28183,0.32776
0.5,-0.12614,0.28947,-0.13605,0.0069139,0.22774
0.5,-0.074768,0.3707,0.59962,-0.031981,-0.057958
0.5,-0.86417,-0.2352,0.32604,0.34585,0.27491
0.5,0.93275,0.10784,-0.44042,-0.42036,0.35116
0.5,0.66032,-0.14624,-0.42081,0.86053,-0.088092
0.5,-0.46521,-0.25981,0.15435,0.087309,0.096127
0.5,0.82338,0.34957,-0.016309,-0.015947,-0.15056
0.5,0.3338,0.04866,0.6106,0.99882,0.34746
0.5,-0.66943,0.049281,-0.63425,-0.49569,0.04683
0.5,0.56919,0.32417,0.27894,0.64864,0.43989
0.5,-0.64742,0.13347,-0.13944,0.1959,0.26414
0.5,-0.20915,0.1213,0.032075,-0.57742,0.33605
0.5,-0.16907,-0.014305,-0.072982,0.27288,-0.17062
0.5,-0.57129,0.22506,-0.435,1.278,0.12971
0.5,0.087287,0.027489,-0.42976,0.16077,-0.063395
0.5,-0.28347,-0.032723,-0.43814,0.10629,0.47138
0.5,-0.86616,-0.15035,0.093441,-0.95695,0.064615
0.5,-0.91959,0.063759,-0.31999,1.1387,0.091522
0.5,-0.49039,0.24186,-0.37517,0.21948,-0.027379
0.5,0.44721,-0.19237,-0.066012,-0.43667,-0.0098488
0.5,0.6906,0.097364,-0.73347,-0.87344,0.32131
0.5,0.5503,-0.010824,-0.40634,0.11976,-0.12401
0.5,0.61951,-0.18949,-0.23807,0.75999,-0.19899
0.5,0.89447,0.18973,-0.51553,-0.35759,0.36559
0.5,-0.51837,0.010568,0.4654,-0.86573,0.42133
0.5,-0.83585,0.016992,0.31361,-0.44215,0.42114
0.5,-0.55957,0.10865,-0.38987,1.0844,-0.032109
0.5,0.95383,-0.026511,0.54052,-1.3386,0.40517
0.5,0.82291,-0.19797,0.045388,0.33609,0.093964
0.5,0.26324,-0.14989,-0.13106,-0.31802,-0.080757
0.5,0.9846,0.1631,-0.0055644,-0.22931,0.33671
0.5,0.17508,0.011767,-0.27061,0.53824,-0.1409
0.5,-0.21258,0.15204,0.20274,-0.19757,0.36121
0.5,-0.33364,0.056565,0.050372,-0.29579,0.2586
0.5,0.3552,0.33864,0.22235,0.099402,0.39192
0.5,0.35231,-0.24096,0.32408,0.72962,0.38162
0.5,-0.2578,0.06301,-0.32179,-0.56907,-0.17166
0.5,-0.092958,-0.22879,0.20336,-0.40083,-0.17569
0.5,0.3859,0.25509,-0.7582,0.096333,0.039704
0.5,-0.30503,0.073819,-0.11503,-1.511,0.27784
0.5,-0.71043,-0.14248,-0.049515,0.72715,-0.052327
0.5,-0.27229,0.12215,-0.48079,-0.3823,0.23028
0.5,0.57606,0.012729,-0.18902,1.0424,0.043156
0.5,0.89287,-0.21514,-0.18633,0.15606,0.11213
0.5,-0.83712,0.10743,-0.30499,0.0043476,0.30265
0.5,0.79949,0.017409,0.42315,0.23934,0.038412
0.5,0.60423,-0.23221,0.076611,-0.52075,0.25807
0.5,0.48139,-0.33738,0.01104,-1.1495,-0.023041
0.5,-0.43282,-0.15025,0.3488,-0.31294,-0.073307
0.5,0.38329,0.14454,0.27373,0.18783,-0.050791
0.5,-0.80637,-0.16295,-0.35891,0.00067187,-0.038941
0.5,0.96276,0.1855,-0.38895,-0.31037,-0.045182
0.5,0.79916,-0.090754,-0.53112,-0.56393,0.048337
0.5,0.69134,0.178,-0.84433,-1.1577,0.24641
0.5,0.2984,-0.044157,0.22941,-0.40731,0.084118
0.5,0.3675,0.27276,-0.77331,-0.32899,0.40513
0.5,-0.076549,0.23546,0.30425,-0.11193,0.34101
0.5,0.66237,-0.34502,0.79604,0.77679,0.046227
0.5,0.24015,0.043389,0.17372,-0.21176,0.26957
0.5,0.76508,0.097205,0.27505,-0.66904,0.31787
0.5,-0.87422,-0.14937,-0.0030434,0.30237,-0.072665
0.5,0.31459,0.01189,0.14408,0.47999,-0.16378
0.5,0.93084,0.20861,0.27612,-0.033918,0.27055
0.5,-0.83122,-0.064999,-0.0075565,-0.73453,0.2795
0.5,-0.67521,0.30655,-0.30722,0.70585,0.26674
0.5,0.30238,-0.024632,-0.77002,-0.1397,0.1273
0.5,-0.51826,0.15431,0.27776,-0.34494,-0.095028
0.5,0.50752,-0.3674,-0.13094,-0.71789,0.047462
0.5,-0.43451,0.0058694,-0.14048,-1.011,0.41139
0.5,-0.18072,0.073144,-0.15432,-0.18759,-0.15784
0.5,-0.045049,-0.16077,0.43889,0.77804,0.48129
0.5,-0.96515,-0.00046571,-0.34873,-0.29525,0.43129
0.5,0.38314,0.20593,-0.10796,2.1808,-0.046584
0.5,0.14131,-0.030269,-0.4223,1.2468,0.49691
0.5,0.86098,-0.0059098,-0.037371,0.98817,0.37567
0.5,-0.38579,0.16894,0.13421,-0.0046947,0.20209
0.5,-0.93658,-0.11036,0.0252,-0.27443,0.4628
0.5,0.0955,0.010688,0.41244,-1.0365,-0.13083
0.5,0.041705,0.052565,-0.14301,0.98984,0.20722
0.5,0.57363,0.078012,0.087912,-0.31953,0.38945
0.5,0.33201,0.023365,0.15598,1.475,0.051923
0.5,0.9726,0.053923,-0.19254,-0.14376,-0.07047
0.5,0.38323,-0.078505,-0.128,-0.48085,0.43785
0.5,0.1001,-0.024243,0.17307,0.89518,0.37972
0.5,0.25831,-0.093313,0.092434,0.65826,-0.154
0.5,0.94071,0.30007,0.0023208,0.61331,-0.19879
0.5,-0.74964,0.14445,0.018826,0.16805,0.53262
0.5,-0.36123,-0.037923,-0.010864,-0.083702,0.48053
0.5,-0.27458,-0.10404,0.64065,-1.0227,0.31203
0.5,0.43421,0.0043452,-0.066955,0.20415,-0.096014
0.5,0.59614,0.38256,0.17619,-0.72577,0.072768
0.5,-0.50805,-0.030886,0.4444,0.74371,-0.046093
0.5,-0.49112,0.097299,-0.22618,0.13024,0.26084
0.5,0.94606,-0.06453,-0.48316,0.50307,-0.18531
0.5,0.94142,0.058826,0.075293,0.28108,-0.016563
0.5,-0.76977,-0.063253,0.076346,0.1368,0.23113
0.5,0.94718,-0.17689,-0.11014,0.096333,0.057972
0.5,0.63377,0.014355,-0.24789,-0.27115,-0.089737
0.5,0.21762,-0.044957,-0.20615,-0.16196,0.28797
0.5,-0.43562,0.098221,0.22251,-1.2727,0.52235
0.5,0.46269,0.25771,0.28292,0.5376,-0.03292
0.5,-0.93625,0.01129,0.1257,0.44081,0.38541
0.5,0.49509,-0.23719,-0.1605,-0.03355,0.39856
0.5,0.88321,-0.31903,0.27999,0.22426,0.3377
0.5,0.049114,0.061118,-0.067796,0.086454,-0.044901
0.5,0.32941,0.074987,0.08575,0.35883,-0.1625
